CVE-2014-9660,libfreetype.so.6.11.3_2.5.4,libfreetype.so.6.11.2_2.5.3,libfreetype.so.6.5.0_2.4.0,_bdf_parse_glyphs,NA too much diff
CVE-2014-9660,libfreetype.so.6.11.3_2.5.4,libfreetype.so.6.11.2_2.5.3,libfreetype.so.6.5.1_2.4.1,_bdf_parse_glyphs,NA too much diff
CVE-2014-9660,libfreetype.so.6.11.3_2.5.4,libfreetype.so.6.11.2_2.5.3,libfreetype.so.6.6.0_2.4.2,_bdf_parse_glyphs,NA too much diff
CVE-2014-9660,libfreetype.so.6.11.3_2.5.4,libfreetype.so.6.11.2_2.5.3,libfreetype.so.6.6.1_2.4.3,_bdf_parse_glyphs,NA too much diff
CVE-2014-9660,libfreetype.so.6.11.3_2.5.4,libfreetype.so.6.11.2_2.5.3,libfreetype.so.6.6.2_2.4.4,_bdf_parse_glyphs,NA too much diff
CVE-2014-9660,libfreetype.so.6.11.3_2.5.4,libfreetype.so.6.11.2_2.5.3,libfreetype.so.6.7.0_2.4.5,_bdf_parse_glyphs,NA too much diff
CVE-2014-9660,libfreetype.so.6.11.3_2.5.4,libfreetype.so.6.11.2_2.5.3,libfreetype.so.6.7.1_2.4.6,_bdf_parse_glyphs,NA too much diff
CVE-2014-9660,libfreetype.so.6.11.3_2.5.4,libfreetype.so.6.11.2_2.5.3,libfreetype.so.6.7.2_2.4.7,_bdf_parse_glyphs,NA too much diff
CVE-2014-9660,libfreetype.so.6.11.3_2.5.4,libfreetype.so.6.11.2_2.5.3,libfreetype.so.6.8.0_2.4.8,_bdf_parse_glyphs,NA too much diff
CVE-2014-9660,libfreetype.so.6.11.3_2.5.4,libfreetype.so.6.11.2_2.5.3,libfreetype.so.6.8.1_2.4.9,_bdf_parse_glyphs,NA too much diff
CVE-2014-9660,libfreetype.so.6.11.3_2.5.4,libfreetype.so.6.11.2_2.5.3,libfreetype.so.6.9.0_2.4.10,_bdf_parse_glyphs,NA too much diff
CVE-2014-9660,libfreetype.so.6.11.3_2.5.4,libfreetype.so.6.11.2_2.5.3,libfreetype.so.6.10.0_2.4.11,_bdf_parse_glyphs,NA too much diff
CVE-2014-9660,libfreetype.so.6.11.3_2.5.4,libfreetype.so.6.11.2_2.5.3,libfreetype.so.6.10.1_2.4.12,_bdf_parse_glyphs,NA too much diff
CVE-2014-9660,libfreetype.so.6.11.3_2.5.4,libfreetype.so.6.11.2_2.5.3,libfreetype.so.6.11.2_2.5.3,_bdf_parse_glyphs,V
CVE-2014-9660,libfreetype.so.6.11.3_2.5.4,libfreetype.so.6.11.2_2.5.3,libfreetype.so.6.11.3_2.5.4,_bdf_parse_glyphs,P
CVE-2014-9660,libfreetype.so.6.11.3_2.5.4,libfreetype.so.6.11.2_2.5.3,libfreetype.so.6.11.4_2.5.5,_bdf_parse_glyphs,P
CVE-2014-9660,libfreetype.so.6.11.3_2.5.4,libfreetype.so.6.11.2_2.5.3,libfreetype.so.6.12.6_2.7.0,_bdf_parse_glyphs,NA too much diff
CVE-2014-9660,libfreetype.so.6.11.3_2.5.4,libfreetype.so.6.11.2_2.5.3,libfreetype.so.6.13.0_2.7.1,_bdf_parse_glyphs,NA too much diff
CVE-2014-9660,libfreetype.so.6.11.3_2.5.4,libfreetype.so.6.11.2_2.5.3,libfreetype.so.6.14.0_2.8.0,_bdf_parse_glyphs,NA too much diff
CVE-2014-9669,libfreetype.so.6.11.3_2.5.4,libfreetype.so.6.11.2_2.5.3,libfreetype.so.6.5.0_2.4.0,tt_cmap8_validate,V
CVE-2014-9669,libfreetype.so.6.11.3_2.5.4,libfreetype.so.6.11.2_2.5.3,libfreetype.so.6.5.1_2.4.1,tt_cmap8_validate,V
CVE-2014-9669,libfreetype.so.6.11.3_2.5.4,libfreetype.so.6.11.2_2.5.3,libfreetype.so.6.6.0_2.4.2,tt_cmap8_validate,V
CVE-2014-9669,libfreetype.so.6.11.3_2.5.4,libfreetype.so.6.11.2_2.5.3,libfreetype.so.6.6.1_2.4.3,tt_cmap8_validate,V
CVE-2014-9669,libfreetype.so.6.11.3_2.5.4,libfreetype.so.6.11.2_2.5.3,libfreetype.so.6.6.2_2.4.4,tt_cmap8_validate,V
CVE-2014-9669,libfreetype.so.6.11.3_2.5.4,libfreetype.so.6.11.2_2.5.3,libfreetype.so.6.7.0_2.4.5,tt_cmap8_validate,V
CVE-2014-9669,libfreetype.so.6.11.3_2.5.4,libfreetype.so.6.11.2_2.5.3,libfreetype.so.6.7.1_2.4.6,tt_cmap8_validate,V
CVE-2014-9669,libfreetype.so.6.11.3_2.5.4,libfreetype.so.6.11.2_2.5.3,libfreetype.so.6.7.2_2.4.7,tt_cmap8_validate,V
CVE-2014-9669,libfreetype.so.6.11.3_2.5.4,libfreetype.so.6.11.2_2.5.3,libfreetype.so.6.8.0_2.4.8,tt_cmap8_validate,V
CVE-2014-9669,libfreetype.so.6.11.3_2.5.4,libfreetype.so.6.11.2_2.5.3,libfreetype.so.6.8.1_2.4.9,tt_cmap8_validate,V
CVE-2014-9669,libfreetype.so.6.11.3_2.5.4,libfreetype.so.6.11.2_2.5.3,libfreetype.so.6.9.0_2.4.10,tt_cmap8_validate,V
CVE-2014-9669,libfreetype.so.6.11.3_2.5.4,libfreetype.so.6.11.2_2.5.3,libfreetype.so.6.10.0_2.4.11,tt_cmap8_validate,V
CVE-2014-9669,libfreetype.so.6.11.3_2.5.4,libfreetype.so.6.11.2_2.5.3,libfreetype.so.6.10.1_2.4.12,tt_cmap8_validate,V
CVE-2014-9669,libfreetype.so.6.11.3_2.5.4,libfreetype.so.6.11.2_2.5.3,libfreetype.so.6.11.2_2.5.3,tt_cmap8_validate,V
CVE-2014-9669,libfreetype.so.6.11.3_2.5.4,libfreetype.so.6.11.2_2.5.3,libfreetype.so.6.11.3_2.5.4,tt_cmap8_validate,P
CVE-2014-9669,libfreetype.so.6.11.3_2.5.4,libfreetype.so.6.11.2_2.5.3,libfreetype.so.6.11.4_2.5.5,tt_cmap8_validate,P
CVE-2014-9669,libfreetype.so.6.11.3_2.5.4,libfreetype.so.6.11.2_2.5.3,libfreetype.so.6.12.6_2.7.0,tt_cmap8_validate,P
CVE-2014-9669,libfreetype.so.6.11.3_2.5.4,libfreetype.so.6.11.2_2.5.3,libfreetype.so.6.13.0_2.7.1,tt_cmap8_validate,P
CVE-2014-9669,libfreetype.so.6.11.3_2.5.4,libfreetype.so.6.11.2_2.5.3,libfreetype.so.6.14.0_2.8.0,tt_cmap8_validate,P
CVE-2012-5669,libfreetype.so.6.10.0_2.4.11,libfreetype.so.6.9.0_2.4.10,libfreetype.so.6.5.0_2.4.0,_bdf_parse_glyphs,NA too much diff
CVE-2012-5669,libfreetype.so.6.10.0_2.4.11,libfreetype.so.6.9.0_2.4.10,libfreetype.so.6.5.1_2.4.1,_bdf_parse_glyphs,NA too much diff
CVE-2012-5669,libfreetype.so.6.10.0_2.4.11,libfreetype.so.6.9.0_2.4.10,libfreetype.so.6.6.0_2.4.2,_bdf_parse_glyphs,NA too much diff
CVE-2012-5669,libfreetype.so.6.10.0_2.4.11,libfreetype.so.6.9.0_2.4.10,libfreetype.so.6.6.1_2.4.3,_bdf_parse_glyphs,NA too much diff
CVE-2012-5669,libfreetype.so.6.10.0_2.4.11,libfreetype.so.6.9.0_2.4.10,libfreetype.so.6.6.2_2.4.4,_bdf_parse_glyphs,NA too much diff
CVE-2012-5669,libfreetype.so.6.10.0_2.4.11,libfreetype.so.6.9.0_2.4.10,libfreetype.so.6.7.0_2.4.5,_bdf_parse_glyphs,NA too much diff
CVE-2012-5669,libfreetype.so.6.10.0_2.4.11,libfreetype.so.6.9.0_2.4.10,libfreetype.so.6.7.1_2.4.6,_bdf_parse_glyphs,NA too much diff
CVE-2012-5669,libfreetype.so.6.10.0_2.4.11,libfreetype.so.6.9.0_2.4.10,libfreetype.so.6.7.2_2.4.7,_bdf_parse_glyphs,NA too much diff
CVE-2012-5669,libfreetype.so.6.10.0_2.4.11,libfreetype.so.6.9.0_2.4.10,libfreetype.so.6.8.0_2.4.8,_bdf_parse_glyphs,NA too much diff
CVE-2012-5669,libfreetype.so.6.10.0_2.4.11,libfreetype.so.6.9.0_2.4.10,libfreetype.so.6.8.1_2.4.9,_bdf_parse_glyphs,NA too much diff
CVE-2012-5669,libfreetype.so.6.10.0_2.4.11,libfreetype.so.6.9.0_2.4.10,libfreetype.so.6.9.0_2.4.10,_bdf_parse_glyphs,V
CVE-2012-5669,libfreetype.so.6.10.0_2.4.11,libfreetype.so.6.9.0_2.4.10,libfreetype.so.6.10.0_2.4.11,_bdf_parse_glyphs,P
CVE-2012-5669,libfreetype.so.6.10.0_2.4.11,libfreetype.so.6.9.0_2.4.10,libfreetype.so.6.10.1_2.4.12,_bdf_parse_glyphs,NA too much diff
CVE-2012-5669,libfreetype.so.6.10.0_2.4.11,libfreetype.so.6.9.0_2.4.10,libfreetype.so.6.11.2_2.5.3,_bdf_parse_glyphs,NA too much diff
CVE-2012-5669,libfreetype.so.6.10.0_2.4.11,libfreetype.so.6.9.0_2.4.10,libfreetype.so.6.11.3_2.5.4,_bdf_parse_glyphs,NA too much diff
CVE-2012-5669,libfreetype.so.6.10.0_2.4.11,libfreetype.so.6.9.0_2.4.10,libfreetype.so.6.11.4_2.5.5,_bdf_parse_glyphs,NA too much diff
CVE-2012-5669,libfreetype.so.6.10.0_2.4.11,libfreetype.so.6.9.0_2.4.10,libfreetype.so.6.12.6_2.7.0,_bdf_parse_glyphs,NA too much diff
CVE-2012-5669,libfreetype.so.6.10.0_2.4.11,libfreetype.so.6.9.0_2.4.10,libfreetype.so.6.13.0_2.7.1,_bdf_parse_glyphs,NA too much diff
CVE-2012-5669,libfreetype.so.6.10.0_2.4.11,libfreetype.so.6.9.0_2.4.10,libfreetype.so.6.14.0_2.8.0,_bdf_parse_glyphs,NA too much diff
CVE-2014-9661,libfreetype.so.6.11.3_2.5.4,libfreetype.so.6.11.2_2.5.3,libfreetype.so.6.5.0_2.4.0,t42_parse_sfnts,NA too much diff
CVE-2014-9661,libfreetype.so.6.11.3_2.5.4,libfreetype.so.6.11.2_2.5.3,libfreetype.so.6.5.1_2.4.1,t42_parse_sfnts,NA too much diff
CVE-2014-9661,libfreetype.so.6.11.3_2.5.4,libfreetype.so.6.11.2_2.5.3,libfreetype.so.6.6.0_2.4.2,t42_parse_sfnts,NA too much diff
CVE-2014-9661,libfreetype.so.6.11.3_2.5.4,libfreetype.so.6.11.2_2.5.3,libfreetype.so.6.6.1_2.4.3,t42_parse_sfnts,NA too much diff
CVE-2014-9661,libfreetype.so.6.11.3_2.5.4,libfreetype.so.6.11.2_2.5.3,libfreetype.so.6.6.2_2.4.4,t42_parse_sfnts,NA too much diff
CVE-2014-9661,libfreetype.so.6.11.3_2.5.4,libfreetype.so.6.11.2_2.5.3,libfreetype.so.6.7.0_2.4.5,t42_parse_sfnts,NA too much diff
CVE-2014-9661,libfreetype.so.6.11.3_2.5.4,libfreetype.so.6.11.2_2.5.3,libfreetype.so.6.7.1_2.4.6,t42_parse_sfnts,NA too much diff
CVE-2014-9661,libfreetype.so.6.11.3_2.5.4,libfreetype.so.6.11.2_2.5.3,libfreetype.so.6.7.2_2.4.7,t42_parse_sfnts,NA too much diff
CVE-2014-9661,libfreetype.so.6.11.3_2.5.4,libfreetype.so.6.11.2_2.5.3,libfreetype.so.6.8.0_2.4.8,t42_parse_sfnts,NA too much diff
CVE-2014-9661,libfreetype.so.6.11.3_2.5.4,libfreetype.so.6.11.2_2.5.3,libfreetype.so.6.8.1_2.4.9,t42_parse_sfnts,V
CVE-2014-9661,libfreetype.so.6.11.3_2.5.4,libfreetype.so.6.11.2_2.5.3,libfreetype.so.6.9.0_2.4.10,t42_parse_sfnts,V
CVE-2014-9661,libfreetype.so.6.11.3_2.5.4,libfreetype.so.6.11.2_2.5.3,libfreetype.so.6.10.0_2.4.11,t42_parse_sfnts,V
CVE-2014-9661,libfreetype.so.6.11.3_2.5.4,libfreetype.so.6.11.2_2.5.3,libfreetype.so.6.10.1_2.4.12,t42_parse_sfnts,V
CVE-2014-9661,libfreetype.so.6.11.3_2.5.4,libfreetype.so.6.11.2_2.5.3,libfreetype.so.6.11.2_2.5.3,t42_parse_sfnts,V
CVE-2014-9661,libfreetype.so.6.11.3_2.5.4,libfreetype.so.6.11.2_2.5.3,libfreetype.so.6.11.3_2.5.4,t42_parse_sfnts,P
CVE-2014-9661,libfreetype.so.6.11.3_2.5.4,libfreetype.so.6.11.2_2.5.3,libfreetype.so.6.11.4_2.5.5,t42_parse_sfnts,NA too much diff
CVE-2014-9661,libfreetype.so.6.11.3_2.5.4,libfreetype.so.6.11.2_2.5.3,libfreetype.so.6.12.6_2.7.0,t42_parse_sfnts,NA too much diff
CVE-2014-9661,libfreetype.so.6.11.3_2.5.4,libfreetype.so.6.11.2_2.5.3,libfreetype.so.6.13.0_2.7.1,t42_parse_sfnts,NA too much diff
CVE-2014-9661,libfreetype.so.6.11.3_2.5.4,libfreetype.so.6.11.2_2.5.3,libfreetype.so.6.14.0_2.8.0,t42_parse_sfnts,NA too much diff
CVE-2012-1140,libfreetype.so.6.8.1_2.4.9,libfreetype.so.6.8.0_2.4.8,libfreetype.so.6.5.0_2.4.0,PS_Conv_Strtol,V
CVE-2012-1140,libfreetype.so.6.8.1_2.4.9,libfreetype.so.6.8.0_2.4.8,libfreetype.so.6.5.1_2.4.1,PS_Conv_Strtol,V
CVE-2012-1140,libfreetype.so.6.8.1_2.4.9,libfreetype.so.6.8.0_2.4.8,libfreetype.so.6.6.0_2.4.2,PS_Conv_Strtol,V
CVE-2012-1140,libfreetype.so.6.8.1_2.4.9,libfreetype.so.6.8.0_2.4.8,libfreetype.so.6.6.1_2.4.3,PS_Conv_Strtol,V
CVE-2012-1140,libfreetype.so.6.8.1_2.4.9,libfreetype.so.6.8.0_2.4.8,libfreetype.so.6.6.2_2.4.4,PS_Conv_Strtol,V
CVE-2012-1140,libfreetype.so.6.8.1_2.4.9,libfreetype.so.6.8.0_2.4.8,libfreetype.so.6.7.0_2.4.5,PS_Conv_Strtol,V
CVE-2012-1140,libfreetype.so.6.8.1_2.4.9,libfreetype.so.6.8.0_2.4.8,libfreetype.so.6.7.1_2.4.6,PS_Conv_Strtol,V
CVE-2012-1140,libfreetype.so.6.8.1_2.4.9,libfreetype.so.6.8.0_2.4.8,libfreetype.so.6.7.2_2.4.7,PS_Conv_Strtol,V
CVE-2012-1140,libfreetype.so.6.8.1_2.4.9,libfreetype.so.6.8.0_2.4.8,libfreetype.so.6.8.0_2.4.8,PS_Conv_Strtol,V
CVE-2012-1140,libfreetype.so.6.8.1_2.4.9,libfreetype.so.6.8.0_2.4.8,libfreetype.so.6.8.1_2.4.9,PS_Conv_Strtol,P
CVE-2012-1140,libfreetype.so.6.8.1_2.4.9,libfreetype.so.6.8.0_2.4.8,libfreetype.so.6.9.0_2.4.10,PS_Conv_Strtol,P
CVE-2014-9659,libfreetype.so.6.11.3_2.5.4,libfreetype.so.6.11.2_2.5.3,libfreetype.so.6.10.1_2.4.12,cf2_interpT2CharString,NA too much diff
CVE-2014-9659,libfreetype.so.6.11.3_2.5.4,libfreetype.so.6.11.2_2.5.3,libfreetype.so.6.11.2_2.5.3,cf2_interpT2CharString,V
CVE-2014-9659,libfreetype.so.6.11.3_2.5.4,libfreetype.so.6.11.2_2.5.3,libfreetype.so.6.11.3_2.5.4,cf2_interpT2CharString,P
CVE-2014-9659,libfreetype.so.6.11.3_2.5.4,libfreetype.so.6.11.2_2.5.3,libfreetype.so.6.11.4_2.5.5,cf2_interpT2CharString,P
CVE-2014-9659,libfreetype.so.6.11.3_2.5.4,libfreetype.so.6.11.2_2.5.3,libfreetype.so.6.12.6_2.7.0,cf2_interpT2CharString,NA too much diff
CVE-2014-9659,libfreetype.so.6.11.3_2.5.4,libfreetype.so.6.11.2_2.5.3,libfreetype.so.6.13.0_2.7.1,cf2_interpT2CharString,NA too much diff
CVE-2014-9659,libfreetype.so.6.11.3_2.5.4,libfreetype.so.6.11.2_2.5.3,libfreetype.so.6.14.0_2.8.0,cf2_interpT2CharString,NA too much diff
CVE-2014-9667,libfreetype.so.6.11.3_2.5.4,libfreetype.so.6.11.2_2.5.3,libfreetype.so.6.5.0_2.4.0,tt_cmap14_validate,V
CVE-2014-9667,libfreetype.so.6.11.3_2.5.4,libfreetype.so.6.11.2_2.5.3,libfreetype.so.6.5.1_2.4.1,tt_cmap14_validate,V
CVE-2014-9667,libfreetype.so.6.11.3_2.5.4,libfreetype.so.6.11.2_2.5.3,libfreetype.so.6.6.0_2.4.2,tt_cmap14_validate,V
CVE-2014-9667,libfreetype.so.6.11.3_2.5.4,libfreetype.so.6.11.2_2.5.3,libfreetype.so.6.6.1_2.4.3,tt_cmap14_validate,V
CVE-2014-9667,libfreetype.so.6.11.3_2.5.4,libfreetype.so.6.11.2_2.5.3,libfreetype.so.6.6.2_2.4.4,tt_cmap14_validate,V
CVE-2014-9667,libfreetype.so.6.11.3_2.5.4,libfreetype.so.6.11.2_2.5.3,libfreetype.so.6.7.0_2.4.5,tt_cmap14_validate,V
CVE-2014-9667,libfreetype.so.6.11.3_2.5.4,libfreetype.so.6.11.2_2.5.3,libfreetype.so.6.7.1_2.4.6,tt_cmap14_validate,V
CVE-2014-9667,libfreetype.so.6.11.3_2.5.4,libfreetype.so.6.11.2_2.5.3,libfreetype.so.6.7.2_2.4.7,tt_cmap14_validate,V
CVE-2014-9667,libfreetype.so.6.11.3_2.5.4,libfreetype.so.6.11.2_2.5.3,libfreetype.so.6.8.0_2.4.8,tt_cmap14_validate,V
CVE-2014-9667,libfreetype.so.6.11.3_2.5.4,libfreetype.so.6.11.2_2.5.3,libfreetype.so.6.8.1_2.4.9,tt_cmap14_validate,V
CVE-2014-9667,libfreetype.so.6.11.3_2.5.4,libfreetype.so.6.11.2_2.5.3,libfreetype.so.6.9.0_2.4.10,tt_cmap14_validate,V
CVE-2014-9667,libfreetype.so.6.11.3_2.5.4,libfreetype.so.6.11.2_2.5.3,libfreetype.so.6.10.0_2.4.11,tt_cmap14_validate,V
CVE-2014-9667,libfreetype.so.6.11.3_2.5.4,libfreetype.so.6.11.2_2.5.3,libfreetype.so.6.10.1_2.4.12,tt_cmap14_validate,V
CVE-2014-9667,libfreetype.so.6.11.3_2.5.4,libfreetype.so.6.11.2_2.5.3,libfreetype.so.6.11.2_2.5.3,tt_cmap14_validate,V
CVE-2014-9667,libfreetype.so.6.11.3_2.5.4,libfreetype.so.6.11.2_2.5.3,libfreetype.so.6.11.3_2.5.4,tt_cmap14_validate,P
CVE-2014-9667,libfreetype.so.6.11.3_2.5.4,libfreetype.so.6.11.2_2.5.3,libfreetype.so.6.11.4_2.5.5,tt_cmap14_validate,P
CVE-2014-9667,libfreetype.so.6.11.3_2.5.4,libfreetype.so.6.11.2_2.5.3,libfreetype.so.6.12.6_2.7.0,tt_cmap14_validate,NA too much diff
CVE-2014-9667,libfreetype.so.6.11.3_2.5.4,libfreetype.so.6.11.2_2.5.3,libfreetype.so.6.13.0_2.7.1,tt_cmap14_validate,NA too much diff
CVE-2014-9667,libfreetype.so.6.11.3_2.5.4,libfreetype.so.6.11.2_2.5.3,libfreetype.so.6.14.0_2.8.0,tt_cmap14_validate,NA too much diff
CVE-2017-8105,libfreetype.so.6.13.0_2.7.1,libfreetype.so.6.12.6_2.7.0,libfreetype.so.6.5.0_2.4.0,t1_decoder_parse_charstrings,NA too much diff
CVE-2017-8105,libfreetype.so.6.13.0_2.7.1,libfreetype.so.6.12.6_2.7.0,libfreetype.so.6.5.1_2.4.1,t1_decoder_parse_charstrings,NA too much diff
CVE-2017-8105,libfreetype.so.6.13.0_2.7.1,libfreetype.so.6.12.6_2.7.0,libfreetype.so.6.6.0_2.4.2,t1_decoder_parse_charstrings,NA too much diff
CVE-2017-8105,libfreetype.so.6.13.0_2.7.1,libfreetype.so.6.12.6_2.7.0,libfreetype.so.6.6.1_2.4.3,t1_decoder_parse_charstrings,NA too much diff
CVE-2017-8105,libfreetype.so.6.13.0_2.7.1,libfreetype.so.6.12.6_2.7.0,libfreetype.so.6.6.2_2.4.4,t1_decoder_parse_charstrings,NA too much diff
CVE-2017-8105,libfreetype.so.6.13.0_2.7.1,libfreetype.so.6.12.6_2.7.0,libfreetype.so.6.7.0_2.4.5,t1_decoder_parse_charstrings,NA too much diff
CVE-2017-8105,libfreetype.so.6.13.0_2.7.1,libfreetype.so.6.12.6_2.7.0,libfreetype.so.6.7.1_2.4.6,t1_decoder_parse_charstrings,NA too much diff
CVE-2017-8105,libfreetype.so.6.13.0_2.7.1,libfreetype.so.6.12.6_2.7.0,libfreetype.so.6.7.2_2.4.7,t1_decoder_parse_charstrings,NA too much diff
CVE-2017-8105,libfreetype.so.6.13.0_2.7.1,libfreetype.so.6.12.6_2.7.0,libfreetype.so.6.8.0_2.4.8,t1_decoder_parse_charstrings,NA too much diff
CVE-2017-8105,libfreetype.so.6.13.0_2.7.1,libfreetype.so.6.12.6_2.7.0,libfreetype.so.6.8.1_2.4.9,t1_decoder_parse_charstrings,NA too much diff
CVE-2017-8105,libfreetype.so.6.13.0_2.7.1,libfreetype.so.6.12.6_2.7.0,libfreetype.so.6.9.0_2.4.10,t1_decoder_parse_charstrings,NA too much diff
CVE-2017-8105,libfreetype.so.6.13.0_2.7.1,libfreetype.so.6.12.6_2.7.0,libfreetype.so.6.10.0_2.4.11,t1_decoder_parse_charstrings,NA too much diff
CVE-2017-8105,libfreetype.so.6.13.0_2.7.1,libfreetype.so.6.12.6_2.7.0,libfreetype.so.6.10.1_2.4.12,t1_decoder_parse_charstrings,NA too much diff
CVE-2017-8105,libfreetype.so.6.13.0_2.7.1,libfreetype.so.6.12.6_2.7.0,libfreetype.so.6.11.2_2.5.3,t1_decoder_parse_charstrings,V
CVE-2017-8105,libfreetype.so.6.13.0_2.7.1,libfreetype.so.6.12.6_2.7.0,libfreetype.so.6.11.3_2.5.4,t1_decoder_parse_charstrings,V
CVE-2017-8105,libfreetype.so.6.13.0_2.7.1,libfreetype.so.6.12.6_2.7.0,libfreetype.so.6.11.4_2.5.5,t1_decoder_parse_charstrings,V
CVE-2017-8105,libfreetype.so.6.13.0_2.7.1,libfreetype.so.6.12.6_2.7.0,libfreetype.so.6.12.6_2.7.0,t1_decoder_parse_charstrings,V
CVE-2017-8105,libfreetype.so.6.13.0_2.7.1,libfreetype.so.6.12.6_2.7.0,libfreetype.so.6.13.0_2.7.1,t1_decoder_parse_charstrings,P
CVE-2017-8105,libfreetype.so.6.13.0_2.7.1,libfreetype.so.6.12.6_2.7.0,libfreetype.so.6.14.0_2.8.0,t1_decoder_parse_charstrings,V
CVE-2012-1135,libfreetype.so.6.8.1_2.4.9,libfreetype.so.6.8.0_2.4.8,libfreetype.so.6.5.0_2.4.0,TT_RunIns,NA too much diff
CVE-2012-1135,libfreetype.so.6.8.1_2.4.9,libfreetype.so.6.8.0_2.4.8,libfreetype.so.6.5.1_2.4.1,TT_RunIns,NA too much diff
CVE-2012-1135,libfreetype.so.6.8.1_2.4.9,libfreetype.so.6.8.0_2.4.8,libfreetype.so.6.6.0_2.4.2,TT_RunIns,NA too much diff
CVE-2012-1135,libfreetype.so.6.8.1_2.4.9,libfreetype.so.6.8.0_2.4.8,libfreetype.so.6.6.1_2.4.3,TT_RunIns,NA too much diff
CVE-2012-1135,libfreetype.so.6.8.1_2.4.9,libfreetype.so.6.8.0_2.4.8,libfreetype.so.6.6.2_2.4.4,TT_RunIns,NA too much diff
CVE-2012-1135,libfreetype.so.6.8.1_2.4.9,libfreetype.so.6.8.0_2.4.8,libfreetype.so.6.7.0_2.4.5,TT_RunIns,NA too much diff
CVE-2012-1135,libfreetype.so.6.8.1_2.4.9,libfreetype.so.6.8.0_2.4.8,libfreetype.so.6.7.1_2.4.6,TT_RunIns,NA too much diff
CVE-2012-1135,libfreetype.so.6.8.1_2.4.9,libfreetype.so.6.8.0_2.4.8,libfreetype.so.6.7.2_2.4.7,TT_RunIns,NA too much diff
CVE-2012-1135,libfreetype.so.6.8.1_2.4.9,libfreetype.so.6.8.0_2.4.8,libfreetype.so.6.8.0_2.4.8,TT_RunIns,V
CVE-2012-1135,libfreetype.so.6.8.1_2.4.9,libfreetype.so.6.8.0_2.4.8,libfreetype.so.6.8.1_2.4.9,TT_RunIns,P
CVE-2012-1135,libfreetype.so.6.8.1_2.4.9,libfreetype.so.6.8.0_2.4.8,libfreetype.so.6.9.0_2.4.10,TT_RunIns,NA too much diff
CVE-2012-1135,libfreetype.so.6.8.1_2.4.9,libfreetype.so.6.8.0_2.4.8,libfreetype.so.6.10.0_2.4.11,TT_RunIns,NA too much diff
CVE-2012-1135,libfreetype.so.6.8.1_2.4.9,libfreetype.so.6.8.0_2.4.8,libfreetype.so.6.10.1_2.4.12,TT_RunIns,NA too much diff
CVE-2012-1135,libfreetype.so.6.8.1_2.4.9,libfreetype.so.6.8.0_2.4.8,libfreetype.so.6.11.2_2.5.3,TT_RunIns,NA too much diff
CVE-2012-1135,libfreetype.so.6.8.1_2.4.9,libfreetype.so.6.8.0_2.4.8,libfreetype.so.6.11.3_2.5.4,TT_RunIns,NA too much diff
CVE-2012-1135,libfreetype.so.6.8.1_2.4.9,libfreetype.so.6.8.0_2.4.8,libfreetype.so.6.11.4_2.5.5,TT_RunIns,NA too much diff
CVE-2012-1135,libfreetype.so.6.8.1_2.4.9,libfreetype.so.6.8.0_2.4.8,libfreetype.so.6.12.6_2.7.0,TT_RunIns,NA too much diff
CVE-2012-1135,libfreetype.so.6.8.1_2.4.9,libfreetype.so.6.8.0_2.4.8,libfreetype.so.6.13.0_2.7.1,TT_RunIns,NA too much diff
CVE-2012-1135,libfreetype.so.6.8.1_2.4.9,libfreetype.so.6.8.0_2.4.8,libfreetype.so.6.14.0_2.8.0,TT_RunIns,NA too much diff
CVE-2012-1136,libfreetype.so.6.8.1_2.4.9,libfreetype.so.6.8.0_2.4.8,libfreetype.so.6.5.0_2.4.0,_bdf_parse_glyphs,NA too much diff
CVE-2012-1136,libfreetype.so.6.8.1_2.4.9,libfreetype.so.6.8.0_2.4.8,libfreetype.so.6.5.1_2.4.1,_bdf_parse_glyphs,NA too much diff
CVE-2012-1136,libfreetype.so.6.8.1_2.4.9,libfreetype.so.6.8.0_2.4.8,libfreetype.so.6.6.0_2.4.2,_bdf_parse_glyphs,NA too much diff
CVE-2012-1136,libfreetype.so.6.8.1_2.4.9,libfreetype.so.6.8.0_2.4.8,libfreetype.so.6.6.1_2.4.3,_bdf_parse_glyphs,NA too much diff
CVE-2012-1136,libfreetype.so.6.8.1_2.4.9,libfreetype.so.6.8.0_2.4.8,libfreetype.so.6.6.2_2.4.4,_bdf_parse_glyphs,NA too much diff
CVE-2012-1136,libfreetype.so.6.8.1_2.4.9,libfreetype.so.6.8.0_2.4.8,libfreetype.so.6.7.0_2.4.5,_bdf_parse_glyphs,NA too much diff
CVE-2012-1136,libfreetype.so.6.8.1_2.4.9,libfreetype.so.6.8.0_2.4.8,libfreetype.so.6.7.1_2.4.6,_bdf_parse_glyphs,NA too much diff
CVE-2012-1136,libfreetype.so.6.8.1_2.4.9,libfreetype.so.6.8.0_2.4.8,libfreetype.so.6.7.2_2.4.7,_bdf_parse_glyphs,NA too much diff
CVE-2012-1136,libfreetype.so.6.8.1_2.4.9,libfreetype.so.6.8.0_2.4.8,libfreetype.so.6.8.0_2.4.8,_bdf_parse_glyphs,V
CVE-2012-1136,libfreetype.so.6.8.1_2.4.9,libfreetype.so.6.8.0_2.4.8,libfreetype.so.6.8.1_2.4.9,_bdf_parse_glyphs,P
CVE-2012-1136,libfreetype.so.6.8.1_2.4.9,libfreetype.so.6.8.0_2.4.8,libfreetype.so.6.9.0_2.4.10,_bdf_parse_glyphs,NA too much diff
CVE-2012-1136,libfreetype.so.6.8.1_2.4.9,libfreetype.so.6.8.0_2.4.8,libfreetype.so.6.10.0_2.4.11,_bdf_parse_glyphs,NA too much diff
CVE-2012-1136,libfreetype.so.6.8.1_2.4.9,libfreetype.so.6.8.0_2.4.8,libfreetype.so.6.10.1_2.4.12,_bdf_parse_glyphs,NA too much diff
CVE-2012-1136,libfreetype.so.6.8.1_2.4.9,libfreetype.so.6.8.0_2.4.8,libfreetype.so.6.11.2_2.5.3,_bdf_parse_glyphs,NA too much diff
CVE-2012-1136,libfreetype.so.6.8.1_2.4.9,libfreetype.so.6.8.0_2.4.8,libfreetype.so.6.11.3_2.5.4,_bdf_parse_glyphs,NA too much diff
CVE-2012-1136,libfreetype.so.6.8.1_2.4.9,libfreetype.so.6.8.0_2.4.8,libfreetype.so.6.11.4_2.5.5,_bdf_parse_glyphs,NA too much diff
CVE-2012-1136,libfreetype.so.6.8.1_2.4.9,libfreetype.so.6.8.0_2.4.8,libfreetype.so.6.12.6_2.7.0,_bdf_parse_glyphs,NA too much diff
CVE-2012-1136,libfreetype.so.6.8.1_2.4.9,libfreetype.so.6.8.0_2.4.8,libfreetype.so.6.13.0_2.7.1,_bdf_parse_glyphs,NA too much diff
CVE-2012-1136,libfreetype.so.6.8.1_2.4.9,libfreetype.so.6.8.0_2.4.8,libfreetype.so.6.14.0_2.8.0,_bdf_parse_glyphs,NA too much diff
CVE-2012-1131,libfreetype.so.6.8.1_2.4.9,libfreetype.so.6.8.0_2.4.8,libfreetype.so.6.5.0_2.4.0,ft_smooth_render_generic,V
CVE-2012-1131,libfreetype.so.6.8.1_2.4.9,libfreetype.so.6.8.0_2.4.8,libfreetype.so.6.5.1_2.4.1,ft_smooth_render_generic,V
CVE-2012-1131,libfreetype.so.6.8.1_2.4.9,libfreetype.so.6.8.0_2.4.8,libfreetype.so.6.6.0_2.4.2,ft_smooth_render_generic,V
CVE-2012-1131,libfreetype.so.6.8.1_2.4.9,libfreetype.so.6.8.0_2.4.8,libfreetype.so.6.6.1_2.4.3,ft_smooth_render_generic,V
CVE-2012-1131,libfreetype.so.6.8.1_2.4.9,libfreetype.so.6.8.0_2.4.8,libfreetype.so.6.6.2_2.4.4,ft_smooth_render_generic,V
CVE-2012-1131,libfreetype.so.6.8.1_2.4.9,libfreetype.so.6.8.0_2.4.8,libfreetype.so.6.7.0_2.4.5,ft_smooth_render_generic,V
CVE-2012-1131,libfreetype.so.6.8.1_2.4.9,libfreetype.so.6.8.0_2.4.8,libfreetype.so.6.7.1_2.4.6,ft_smooth_render_generic,V
CVE-2012-1131,libfreetype.so.6.8.1_2.4.9,libfreetype.so.6.8.0_2.4.8,libfreetype.so.6.7.2_2.4.7,ft_smooth_render_generic,V
CVE-2012-1131,libfreetype.so.6.8.1_2.4.9,libfreetype.so.6.8.0_2.4.8,libfreetype.so.6.8.0_2.4.8,ft_smooth_render_generic,V
CVE-2012-1131,libfreetype.so.6.8.1_2.4.9,libfreetype.so.6.8.0_2.4.8,libfreetype.so.6.8.1_2.4.9,ft_smooth_render_generic,P
CVE-2012-1131,libfreetype.so.6.8.1_2.4.9,libfreetype.so.6.8.0_2.4.8,libfreetype.so.6.9.0_2.4.10,ft_smooth_render_generic,P
CVE-2012-1131,libfreetype.so.6.8.1_2.4.9,libfreetype.so.6.8.0_2.4.8,libfreetype.so.6.10.0_2.4.11,ft_smooth_render_generic,P
CVE-2012-1131,libfreetype.so.6.8.1_2.4.9,libfreetype.so.6.8.0_2.4.8,libfreetype.so.6.10.1_2.4.12,ft_smooth_render_generic,P
CVE-2012-1131,libfreetype.so.6.8.1_2.4.9,libfreetype.so.6.8.0_2.4.8,libfreetype.so.6.11.2_2.5.3,ft_smooth_render_generic,P
CVE-2012-1131,libfreetype.so.6.8.1_2.4.9,libfreetype.so.6.8.0_2.4.8,libfreetype.so.6.11.3_2.5.4,ft_smooth_render_generic,V
CVE-2012-1131,libfreetype.so.6.8.1_2.4.9,libfreetype.so.6.8.0_2.4.8,libfreetype.so.6.11.4_2.5.5,ft_smooth_render_generic,V
CVE-2012-1131,libfreetype.so.6.8.1_2.4.9,libfreetype.so.6.8.0_2.4.8,libfreetype.so.6.12.6_2.7.0,ft_smooth_render_generic,V
CVE-2012-1131,libfreetype.so.6.8.1_2.4.9,libfreetype.so.6.8.0_2.4.8,libfreetype.so.6.13.0_2.7.1,ft_smooth_render_generic,V
CVE-2012-1131,libfreetype.so.6.8.1_2.4.9,libfreetype.so.6.8.0_2.4.8,libfreetype.so.6.14.0_2.8.0,ft_smooth_render_generic,V
CVE-2012-1140,libfreetype.so.6.8.1_2.4.9,libfreetype.so.6.8.0_2.4.8,libfreetype.so.6.5.0_2.4.0,PS_Conv_ToFixed,V
CVE-2012-1140,libfreetype.so.6.8.1_2.4.9,libfreetype.so.6.8.0_2.4.8,libfreetype.so.6.5.1_2.4.1,PS_Conv_ToFixed,V
CVE-2012-1140,libfreetype.so.6.8.1_2.4.9,libfreetype.so.6.8.0_2.4.8,libfreetype.so.6.6.0_2.4.2,PS_Conv_ToFixed,V
CVE-2012-1140,libfreetype.so.6.8.1_2.4.9,libfreetype.so.6.8.0_2.4.8,libfreetype.so.6.6.1_2.4.3,PS_Conv_ToFixed,V
CVE-2012-1140,libfreetype.so.6.8.1_2.4.9,libfreetype.so.6.8.0_2.4.8,libfreetype.so.6.6.2_2.4.4,PS_Conv_ToFixed,V
CVE-2012-1140,libfreetype.so.6.8.1_2.4.9,libfreetype.so.6.8.0_2.4.8,libfreetype.so.6.7.0_2.4.5,PS_Conv_ToFixed,V
CVE-2012-1140,libfreetype.so.6.8.1_2.4.9,libfreetype.so.6.8.0_2.4.8,libfreetype.so.6.7.1_2.4.6,PS_Conv_ToFixed,V
CVE-2012-1140,libfreetype.so.6.8.1_2.4.9,libfreetype.so.6.8.0_2.4.8,libfreetype.so.6.7.2_2.4.7,PS_Conv_ToFixed,V
CVE-2012-1140,libfreetype.so.6.8.1_2.4.9,libfreetype.so.6.8.0_2.4.8,libfreetype.so.6.8.0_2.4.8,PS_Conv_ToFixed,V
CVE-2012-1140,libfreetype.so.6.8.1_2.4.9,libfreetype.so.6.8.0_2.4.8,libfreetype.so.6.8.1_2.4.9,PS_Conv_ToFixed,P
CVE-2012-1140,libfreetype.so.6.8.1_2.4.9,libfreetype.so.6.8.0_2.4.8,libfreetype.so.6.9.0_2.4.10,PS_Conv_ToFixed,P
CVE-2012-1140,libfreetype.so.6.8.1_2.4.9,libfreetype.so.6.8.0_2.4.8,libfreetype.so.6.10.0_2.4.11,PS_Conv_ToFixed,NA too much diff
CVE-2012-1140,libfreetype.so.6.8.1_2.4.9,libfreetype.so.6.8.0_2.4.8,libfreetype.so.6.10.1_2.4.12,PS_Conv_ToFixed,NA too much diff
CVE-2012-1140,libfreetype.so.6.8.1_2.4.9,libfreetype.so.6.8.0_2.4.8,libfreetype.so.6.11.2_2.5.3,PS_Conv_ToFixed,NA too much diff
CVE-2012-1140,libfreetype.so.6.8.1_2.4.9,libfreetype.so.6.8.0_2.4.8,libfreetype.so.6.11.3_2.5.4,PS_Conv_ToFixed,NA too much diff
CVE-2012-1140,libfreetype.so.6.8.1_2.4.9,libfreetype.so.6.8.0_2.4.8,libfreetype.so.6.11.4_2.5.5,PS_Conv_ToFixed,NA too much diff
CVE-2012-1140,libfreetype.so.6.8.1_2.4.9,libfreetype.so.6.8.0_2.4.8,libfreetype.so.6.12.6_2.7.0,PS_Conv_ToFixed,NA too much diff
CVE-2012-1140,libfreetype.so.6.8.1_2.4.9,libfreetype.so.6.8.0_2.4.8,libfreetype.so.6.13.0_2.7.1,PS_Conv_ToFixed,NA too much diff
CVE-2012-1140,libfreetype.so.6.8.1_2.4.9,libfreetype.so.6.8.0_2.4.8,libfreetype.so.6.14.0_2.8.0,PS_Conv_ToFixed,NA too much diff
CVE-2014-9669,libfreetype.so.6.11.3_2.5.4,libfreetype.so.6.11.2_2.5.3,libfreetype.so.6.5.0_2.4.0,tt_cmap10_validate,V
CVE-2014-9669,libfreetype.so.6.11.3_2.5.4,libfreetype.so.6.11.2_2.5.3,libfreetype.so.6.5.1_2.4.1,tt_cmap10_validate,V
CVE-2014-9669,libfreetype.so.6.11.3_2.5.4,libfreetype.so.6.11.2_2.5.3,libfreetype.so.6.6.0_2.4.2,tt_cmap10_validate,V
CVE-2014-9669,libfreetype.so.6.11.3_2.5.4,libfreetype.so.6.11.2_2.5.3,libfreetype.so.6.6.1_2.4.3,tt_cmap10_validate,V
CVE-2014-9669,libfreetype.so.6.11.3_2.5.4,libfreetype.so.6.11.2_2.5.3,libfreetype.so.6.6.2_2.4.4,tt_cmap10_validate,V
CVE-2014-9669,libfreetype.so.6.11.3_2.5.4,libfreetype.so.6.11.2_2.5.3,libfreetype.so.6.7.0_2.4.5,tt_cmap10_validate,V
CVE-2014-9669,libfreetype.so.6.11.3_2.5.4,libfreetype.so.6.11.2_2.5.3,libfreetype.so.6.7.1_2.4.6,tt_cmap10_validate,V
CVE-2014-9669,libfreetype.so.6.11.3_2.5.4,libfreetype.so.6.11.2_2.5.3,libfreetype.so.6.7.2_2.4.7,tt_cmap10_validate,V
CVE-2014-9669,libfreetype.so.6.11.3_2.5.4,libfreetype.so.6.11.2_2.5.3,libfreetype.so.6.8.0_2.4.8,tt_cmap10_validate,V
CVE-2014-9669,libfreetype.so.6.11.3_2.5.4,libfreetype.so.6.11.2_2.5.3,libfreetype.so.6.8.1_2.4.9,tt_cmap10_validate,V
CVE-2014-9669,libfreetype.so.6.11.3_2.5.4,libfreetype.so.6.11.2_2.5.3,libfreetype.so.6.9.0_2.4.10,tt_cmap10_validate,V
CVE-2014-9669,libfreetype.so.6.11.3_2.5.4,libfreetype.so.6.11.2_2.5.3,libfreetype.so.6.10.0_2.4.11,tt_cmap10_validate,V
CVE-2014-9669,libfreetype.so.6.11.3_2.5.4,libfreetype.so.6.11.2_2.5.3,libfreetype.so.6.10.1_2.4.12,tt_cmap10_validate,V
CVE-2014-9669,libfreetype.so.6.11.3_2.5.4,libfreetype.so.6.11.2_2.5.3,libfreetype.so.6.11.2_2.5.3,tt_cmap10_validate,V
CVE-2014-9669,libfreetype.so.6.11.3_2.5.4,libfreetype.so.6.11.2_2.5.3,libfreetype.so.6.11.3_2.5.4,tt_cmap10_validate,P
CVE-2014-9669,libfreetype.so.6.11.3_2.5.4,libfreetype.so.6.11.2_2.5.3,libfreetype.so.6.11.4_2.5.5,tt_cmap10_validate,P
CVE-2014-9669,libfreetype.so.6.11.3_2.5.4,libfreetype.so.6.11.2_2.5.3,libfreetype.so.6.12.6_2.7.0,tt_cmap10_validate,P
CVE-2014-9669,libfreetype.so.6.11.3_2.5.4,libfreetype.so.6.11.2_2.5.3,libfreetype.so.6.13.0_2.7.1,tt_cmap10_validate,P
CVE-2014-9669,libfreetype.so.6.11.3_2.5.4,libfreetype.so.6.11.2_2.5.3,libfreetype.so.6.14.0_2.8.0,tt_cmap10_validate,P
CVE-2014-9661,libfreetype.so.6.11.3_2.5.4,libfreetype.so.6.11.2_2.5.3,libfreetype.so.6.5.0_2.4.0,T42_Face_Init,V
CVE-2014-9661,libfreetype.so.6.11.3_2.5.4,libfreetype.so.6.11.2_2.5.3,libfreetype.so.6.5.1_2.4.1,T42_Face_Init,V
CVE-2014-9661,libfreetype.so.6.11.3_2.5.4,libfreetype.so.6.11.2_2.5.3,libfreetype.so.6.6.0_2.4.2,T42_Face_Init,V
CVE-2014-9661,libfreetype.so.6.11.3_2.5.4,libfreetype.so.6.11.2_2.5.3,libfreetype.so.6.6.1_2.4.3,T42_Face_Init,V
CVE-2014-9661,libfreetype.so.6.11.3_2.5.4,libfreetype.so.6.11.2_2.5.3,libfreetype.so.6.6.2_2.4.4,T42_Face_Init,V
CVE-2014-9661,libfreetype.so.6.11.3_2.5.4,libfreetype.so.6.11.2_2.5.3,libfreetype.so.6.7.0_2.4.5,T42_Face_Init,V
CVE-2014-9661,libfreetype.so.6.11.3_2.5.4,libfreetype.so.6.11.2_2.5.3,libfreetype.so.6.7.1_2.4.6,T42_Face_Init,V
CVE-2014-9661,libfreetype.so.6.11.3_2.5.4,libfreetype.so.6.11.2_2.5.3,libfreetype.so.6.7.2_2.4.7,T42_Face_Init,V
CVE-2014-9661,libfreetype.so.6.11.3_2.5.4,libfreetype.so.6.11.2_2.5.3,libfreetype.so.6.8.0_2.4.8,T42_Face_Init,V
CVE-2014-9661,libfreetype.so.6.11.3_2.5.4,libfreetype.so.6.11.2_2.5.3,libfreetype.so.6.8.1_2.4.9,T42_Face_Init,V
CVE-2014-9661,libfreetype.so.6.11.3_2.5.4,libfreetype.so.6.11.2_2.5.3,libfreetype.so.6.9.0_2.4.10,T42_Face_Init,V
CVE-2014-9661,libfreetype.so.6.11.3_2.5.4,libfreetype.so.6.11.2_2.5.3,libfreetype.so.6.10.0_2.4.11,T42_Face_Init,V
CVE-2014-9661,libfreetype.so.6.11.3_2.5.4,libfreetype.so.6.11.2_2.5.3,libfreetype.so.6.10.1_2.4.12,T42_Face_Init,V
CVE-2014-9661,libfreetype.so.6.11.3_2.5.4,libfreetype.so.6.11.2_2.5.3,libfreetype.so.6.11.2_2.5.3,T42_Face_Init,V
CVE-2014-9661,libfreetype.so.6.11.3_2.5.4,libfreetype.so.6.11.2_2.5.3,libfreetype.so.6.11.3_2.5.4,T42_Face_Init,P
CVE-2014-9661,libfreetype.so.6.11.3_2.5.4,libfreetype.so.6.11.2_2.5.3,libfreetype.so.6.11.4_2.5.5,T42_Face_Init,P
CVE-2014-9661,libfreetype.so.6.11.3_2.5.4,libfreetype.so.6.11.2_2.5.3,libfreetype.so.6.12.6_2.7.0,T42_Face_Init,P
CVE-2014-9661,libfreetype.so.6.11.3_2.5.4,libfreetype.so.6.11.2_2.5.3,libfreetype.so.6.13.0_2.7.1,T42_Face_Init,P
CVE-2014-9661,libfreetype.so.6.11.3_2.5.4,libfreetype.so.6.11.2_2.5.3,libfreetype.so.6.14.0_2.8.0,T42_Face_Init,P
CVE-2012-1139,libfreetype.so.6.8.1_2.4.9,libfreetype.so.6.8.0_2.4.8,libfreetype.so.6.5.0_2.4.0,_bdf_parse_glyphs,NA too much diff
CVE-2012-1139,libfreetype.so.6.8.1_2.4.9,libfreetype.so.6.8.0_2.4.8,libfreetype.so.6.5.1_2.4.1,_bdf_parse_glyphs,NA too much diff
CVE-2012-1139,libfreetype.so.6.8.1_2.4.9,libfreetype.so.6.8.0_2.4.8,libfreetype.so.6.6.0_2.4.2,_bdf_parse_glyphs,NA too much diff
CVE-2012-1139,libfreetype.so.6.8.1_2.4.9,libfreetype.so.6.8.0_2.4.8,libfreetype.so.6.6.1_2.4.3,_bdf_parse_glyphs,NA too much diff
CVE-2012-1139,libfreetype.so.6.8.1_2.4.9,libfreetype.so.6.8.0_2.4.8,libfreetype.so.6.6.2_2.4.4,_bdf_parse_glyphs,NA too much diff
CVE-2012-1139,libfreetype.so.6.8.1_2.4.9,libfreetype.so.6.8.0_2.4.8,libfreetype.so.6.7.0_2.4.5,_bdf_parse_glyphs,NA too much diff
CVE-2012-1139,libfreetype.so.6.8.1_2.4.9,libfreetype.so.6.8.0_2.4.8,libfreetype.so.6.7.1_2.4.6,_bdf_parse_glyphs,NA too much diff
CVE-2012-1139,libfreetype.so.6.8.1_2.4.9,libfreetype.so.6.8.0_2.4.8,libfreetype.so.6.7.2_2.4.7,_bdf_parse_glyphs,NA too much diff
CVE-2012-1139,libfreetype.so.6.8.1_2.4.9,libfreetype.so.6.8.0_2.4.8,libfreetype.so.6.8.0_2.4.8,_bdf_parse_glyphs,V
CVE-2012-1139,libfreetype.so.6.8.1_2.4.9,libfreetype.so.6.8.0_2.4.8,libfreetype.so.6.8.1_2.4.9,_bdf_parse_glyphs,P
CVE-2012-1139,libfreetype.so.6.8.1_2.4.9,libfreetype.so.6.8.0_2.4.8,libfreetype.so.6.9.0_2.4.10,_bdf_parse_glyphs,NA too much diff
CVE-2012-1139,libfreetype.so.6.8.1_2.4.9,libfreetype.so.6.8.0_2.4.8,libfreetype.so.6.10.0_2.4.11,_bdf_parse_glyphs,NA too much diff
CVE-2012-1139,libfreetype.so.6.8.1_2.4.9,libfreetype.so.6.8.0_2.4.8,libfreetype.so.6.10.1_2.4.12,_bdf_parse_glyphs,NA too much diff
CVE-2012-1139,libfreetype.so.6.8.1_2.4.9,libfreetype.so.6.8.0_2.4.8,libfreetype.so.6.11.2_2.5.3,_bdf_parse_glyphs,NA too much diff
CVE-2012-1139,libfreetype.so.6.8.1_2.4.9,libfreetype.so.6.8.0_2.4.8,libfreetype.so.6.11.3_2.5.4,_bdf_parse_glyphs,NA too much diff
CVE-2012-1139,libfreetype.so.6.8.1_2.4.9,libfreetype.so.6.8.0_2.4.8,libfreetype.so.6.11.4_2.5.5,_bdf_parse_glyphs,NA too much diff
CVE-2012-1139,libfreetype.so.6.8.1_2.4.9,libfreetype.so.6.8.0_2.4.8,libfreetype.so.6.12.6_2.7.0,_bdf_parse_glyphs,NA too much diff
CVE-2012-1139,libfreetype.so.6.8.1_2.4.9,libfreetype.so.6.8.0_2.4.8,libfreetype.so.6.13.0_2.7.1,_bdf_parse_glyphs,NA too much diff
CVE-2012-1139,libfreetype.so.6.8.1_2.4.9,libfreetype.so.6.8.0_2.4.8,libfreetype.so.6.14.0_2.8.0,_bdf_parse_glyphs,NA too much diff
CVE-2014-9664,libfreetype.so.6.11.3_2.5.4,libfreetype.so.6.11.2_2.5.3,libfreetype.so.6.5.0_2.4.0,parse_charstrings,NA too much diff
CVE-2014-9664,libfreetype.so.6.11.3_2.5.4,libfreetype.so.6.11.2_2.5.3,libfreetype.so.6.5.1_2.4.1,parse_charstrings,NA too much diff
CVE-2014-9664,libfreetype.so.6.11.3_2.5.4,libfreetype.so.6.11.2_2.5.3,libfreetype.so.6.6.0_2.4.2,parse_charstrings,NA too much diff
CVE-2014-9664,libfreetype.so.6.11.3_2.5.4,libfreetype.so.6.11.2_2.5.3,libfreetype.so.6.6.1_2.4.3,parse_charstrings,NA too much diff
CVE-2014-9664,libfreetype.so.6.11.3_2.5.4,libfreetype.so.6.11.2_2.5.3,libfreetype.so.6.6.2_2.4.4,parse_charstrings,NA too much diff
CVE-2014-9664,libfreetype.so.6.11.3_2.5.4,libfreetype.so.6.11.2_2.5.3,libfreetype.so.6.7.0_2.4.5,parse_charstrings,NA too much diff
CVE-2014-9664,libfreetype.so.6.11.3_2.5.4,libfreetype.so.6.11.2_2.5.3,libfreetype.so.6.7.1_2.4.6,parse_charstrings,NA too much diff
CVE-2014-9664,libfreetype.so.6.11.3_2.5.4,libfreetype.so.6.11.2_2.5.3,libfreetype.so.6.7.2_2.4.7,parse_charstrings,NA too much diff
CVE-2014-9664,libfreetype.so.6.11.3_2.5.4,libfreetype.so.6.11.2_2.5.3,libfreetype.so.6.8.0_2.4.8,parse_charstrings,NA too much diff
CVE-2014-9664,libfreetype.so.6.11.3_2.5.4,libfreetype.so.6.11.2_2.5.3,libfreetype.so.6.8.1_2.4.9,parse_charstrings,NA too much diff
CVE-2014-9664,libfreetype.so.6.11.3_2.5.4,libfreetype.so.6.11.2_2.5.3,libfreetype.so.6.9.0_2.4.10,parse_charstrings,NA too much diff
CVE-2014-9664,libfreetype.so.6.11.3_2.5.4,libfreetype.so.6.11.2_2.5.3,libfreetype.so.6.10.0_2.4.11,parse_charstrings,V
CVE-2014-9664,libfreetype.so.6.11.3_2.5.4,libfreetype.so.6.11.2_2.5.3,libfreetype.so.6.10.1_2.4.12,parse_charstrings,V
CVE-2014-9664,libfreetype.so.6.11.3_2.5.4,libfreetype.so.6.11.2_2.5.3,libfreetype.so.6.11.2_2.5.3,parse_charstrings,V
CVE-2014-9664,libfreetype.so.6.11.3_2.5.4,libfreetype.so.6.11.2_2.5.3,libfreetype.so.6.11.3_2.5.4,parse_charstrings,P
CVE-2014-9664,libfreetype.so.6.11.3_2.5.4,libfreetype.so.6.11.2_2.5.3,libfreetype.so.6.11.4_2.5.5,parse_charstrings,P
CVE-2014-9664,libfreetype.so.6.11.3_2.5.4,libfreetype.so.6.11.2_2.5.3,libfreetype.so.6.12.6_2.7.0,parse_charstrings,NA too much diff
CVE-2014-9664,libfreetype.so.6.11.3_2.5.4,libfreetype.so.6.11.2_2.5.3,libfreetype.so.6.13.0_2.7.1,parse_charstrings,NA too much diff
CVE-2014-9664,libfreetype.so.6.11.3_2.5.4,libfreetype.so.6.11.2_2.5.3,libfreetype.so.6.14.0_2.8.0,parse_charstrings,NA too much diff
CVE-2012-1129,libfreetype.so.6.8.1_2.4.9,libfreetype.so.6.8.0_2.4.8,libfreetype.so.6.5.0_2.4.0,t42_parse_sfnts,V
CVE-2012-1129,libfreetype.so.6.8.1_2.4.9,libfreetype.so.6.8.0_2.4.8,libfreetype.so.6.5.1_2.4.1,t42_parse_sfnts,V
CVE-2012-1129,libfreetype.so.6.8.1_2.4.9,libfreetype.so.6.8.0_2.4.8,libfreetype.so.6.6.0_2.4.2,t42_parse_sfnts,V
CVE-2012-1129,libfreetype.so.6.8.1_2.4.9,libfreetype.so.6.8.0_2.4.8,libfreetype.so.6.6.1_2.4.3,t42_parse_sfnts,V
CVE-2012-1129,libfreetype.so.6.8.1_2.4.9,libfreetype.so.6.8.0_2.4.8,libfreetype.so.6.6.2_2.4.4,t42_parse_sfnts,V
CVE-2012-1129,libfreetype.so.6.8.1_2.4.9,libfreetype.so.6.8.0_2.4.8,libfreetype.so.6.7.0_2.4.5,t42_parse_sfnts,V
CVE-2012-1129,libfreetype.so.6.8.1_2.4.9,libfreetype.so.6.8.0_2.4.8,libfreetype.so.6.7.1_2.4.6,t42_parse_sfnts,V
CVE-2012-1129,libfreetype.so.6.8.1_2.4.9,libfreetype.so.6.8.0_2.4.8,libfreetype.so.6.7.2_2.4.7,t42_parse_sfnts,V
CVE-2012-1129,libfreetype.so.6.8.1_2.4.9,libfreetype.so.6.8.0_2.4.8,libfreetype.so.6.8.0_2.4.8,t42_parse_sfnts,V
CVE-2012-1129,libfreetype.so.6.8.1_2.4.9,libfreetype.so.6.8.0_2.4.8,libfreetype.so.6.8.1_2.4.9,t42_parse_sfnts,P
CVE-2012-1129,libfreetype.so.6.8.1_2.4.9,libfreetype.so.6.8.0_2.4.8,libfreetype.so.6.9.0_2.4.10,t42_parse_sfnts,P
CVE-2012-1129,libfreetype.so.6.8.1_2.4.9,libfreetype.so.6.8.0_2.4.8,libfreetype.so.6.10.0_2.4.11,t42_parse_sfnts,P
CVE-2012-1129,libfreetype.so.6.8.1_2.4.9,libfreetype.so.6.8.0_2.4.8,libfreetype.so.6.10.1_2.4.12,t42_parse_sfnts,P
CVE-2012-1129,libfreetype.so.6.8.1_2.4.9,libfreetype.so.6.8.0_2.4.8,libfreetype.so.6.11.2_2.5.3,t42_parse_sfnts,P
CVE-2012-1129,libfreetype.so.6.8.1_2.4.9,libfreetype.so.6.8.0_2.4.8,libfreetype.so.6.11.3_2.5.4,t42_parse_sfnts,NA too much diff
CVE-2012-1129,libfreetype.so.6.8.1_2.4.9,libfreetype.so.6.8.0_2.4.8,libfreetype.so.6.11.4_2.5.5,t42_parse_sfnts,NA too much diff
CVE-2012-1129,libfreetype.so.6.8.1_2.4.9,libfreetype.so.6.8.0_2.4.8,libfreetype.so.6.12.6_2.7.0,t42_parse_sfnts,NA too much diff
CVE-2012-1129,libfreetype.so.6.8.1_2.4.9,libfreetype.so.6.8.0_2.4.8,libfreetype.so.6.13.0_2.7.1,t42_parse_sfnts,NA too much diff
CVE-2012-1129,libfreetype.so.6.8.1_2.4.9,libfreetype.so.6.8.0_2.4.8,libfreetype.so.6.14.0_2.8.0,t42_parse_sfnts,NA too much diff
CVE-2014-9669,libfreetype.so.6.11.3_2.5.4,libfreetype.so.6.11.2_2.5.3,libfreetype.so.6.5.0_2.4.0,tt_cmap13_validate,V
CVE-2014-9669,libfreetype.so.6.11.3_2.5.4,libfreetype.so.6.11.2_2.5.3,libfreetype.so.6.5.1_2.4.1,tt_cmap13_validate,V
CVE-2014-9669,libfreetype.so.6.11.3_2.5.4,libfreetype.so.6.11.2_2.5.3,libfreetype.so.6.6.0_2.4.2,tt_cmap13_validate,V
CVE-2014-9669,libfreetype.so.6.11.3_2.5.4,libfreetype.so.6.11.2_2.5.3,libfreetype.so.6.6.1_2.4.3,tt_cmap13_validate,V
CVE-2014-9669,libfreetype.so.6.11.3_2.5.4,libfreetype.so.6.11.2_2.5.3,libfreetype.so.6.6.2_2.4.4,tt_cmap13_validate,V
CVE-2014-9669,libfreetype.so.6.11.3_2.5.4,libfreetype.so.6.11.2_2.5.3,libfreetype.so.6.7.0_2.4.5,tt_cmap13_validate,V
CVE-2014-9669,libfreetype.so.6.11.3_2.5.4,libfreetype.so.6.11.2_2.5.3,libfreetype.so.6.7.1_2.4.6,tt_cmap13_validate,V
CVE-2014-9669,libfreetype.so.6.11.3_2.5.4,libfreetype.so.6.11.2_2.5.3,libfreetype.so.6.7.2_2.4.7,tt_cmap13_validate,V
CVE-2014-9669,libfreetype.so.6.11.3_2.5.4,libfreetype.so.6.11.2_2.5.3,libfreetype.so.6.8.0_2.4.8,tt_cmap13_validate,V
CVE-2014-9669,libfreetype.so.6.11.3_2.5.4,libfreetype.so.6.11.2_2.5.3,libfreetype.so.6.8.1_2.4.9,tt_cmap13_validate,V
CVE-2014-9669,libfreetype.so.6.11.3_2.5.4,libfreetype.so.6.11.2_2.5.3,libfreetype.so.6.9.0_2.4.10,tt_cmap13_validate,V
CVE-2014-9669,libfreetype.so.6.11.3_2.5.4,libfreetype.so.6.11.2_2.5.3,libfreetype.so.6.10.0_2.4.11,tt_cmap13_validate,V
CVE-2014-9669,libfreetype.so.6.11.3_2.5.4,libfreetype.so.6.11.2_2.5.3,libfreetype.so.6.10.1_2.4.12,tt_cmap13_validate,V
CVE-2014-9669,libfreetype.so.6.11.3_2.5.4,libfreetype.so.6.11.2_2.5.3,libfreetype.so.6.11.2_2.5.3,tt_cmap13_validate,V
CVE-2014-9669,libfreetype.so.6.11.3_2.5.4,libfreetype.so.6.11.2_2.5.3,libfreetype.so.6.11.3_2.5.4,tt_cmap13_validate,P
CVE-2014-9669,libfreetype.so.6.11.3_2.5.4,libfreetype.so.6.11.2_2.5.3,libfreetype.so.6.11.4_2.5.5,tt_cmap13_validate,P
CVE-2014-9669,libfreetype.so.6.11.3_2.5.4,libfreetype.so.6.11.2_2.5.3,libfreetype.so.6.12.6_2.7.0,tt_cmap13_validate,P
CVE-2014-9669,libfreetype.so.6.11.3_2.5.4,libfreetype.so.6.11.2_2.5.3,libfreetype.so.6.13.0_2.7.1,tt_cmap13_validate,P
CVE-2014-9669,libfreetype.so.6.11.3_2.5.4,libfreetype.so.6.11.2_2.5.3,libfreetype.so.6.14.0_2.8.0,tt_cmap13_validate,P
CVE-2014-9669,libfreetype.so.6.11.3_2.5.4,libfreetype.so.6.11.2_2.5.3,libfreetype.so.6.5.0_2.4.0,tt_cmap12_validate,V
CVE-2014-9669,libfreetype.so.6.11.3_2.5.4,libfreetype.so.6.11.2_2.5.3,libfreetype.so.6.5.1_2.4.1,tt_cmap12_validate,V
CVE-2014-9669,libfreetype.so.6.11.3_2.5.4,libfreetype.so.6.11.2_2.5.3,libfreetype.so.6.6.0_2.4.2,tt_cmap12_validate,V
CVE-2014-9669,libfreetype.so.6.11.3_2.5.4,libfreetype.so.6.11.2_2.5.3,libfreetype.so.6.6.1_2.4.3,tt_cmap12_validate,V
CVE-2014-9669,libfreetype.so.6.11.3_2.5.4,libfreetype.so.6.11.2_2.5.3,libfreetype.so.6.6.2_2.4.4,tt_cmap12_validate,V
CVE-2014-9669,libfreetype.so.6.11.3_2.5.4,libfreetype.so.6.11.2_2.5.3,libfreetype.so.6.7.0_2.4.5,tt_cmap12_validate,V
CVE-2014-9669,libfreetype.so.6.11.3_2.5.4,libfreetype.so.6.11.2_2.5.3,libfreetype.so.6.7.1_2.4.6,tt_cmap12_validate,V
CVE-2014-9669,libfreetype.so.6.11.3_2.5.4,libfreetype.so.6.11.2_2.5.3,libfreetype.so.6.7.2_2.4.7,tt_cmap12_validate,V
CVE-2014-9669,libfreetype.so.6.11.3_2.5.4,libfreetype.so.6.11.2_2.5.3,libfreetype.so.6.8.0_2.4.8,tt_cmap12_validate,V
CVE-2014-9669,libfreetype.so.6.11.3_2.5.4,libfreetype.so.6.11.2_2.5.3,libfreetype.so.6.8.1_2.4.9,tt_cmap12_validate,V
CVE-2014-9669,libfreetype.so.6.11.3_2.5.4,libfreetype.so.6.11.2_2.5.3,libfreetype.so.6.9.0_2.4.10,tt_cmap12_validate,V
CVE-2014-9669,libfreetype.so.6.11.3_2.5.4,libfreetype.so.6.11.2_2.5.3,libfreetype.so.6.10.0_2.4.11,tt_cmap12_validate,V
CVE-2014-9669,libfreetype.so.6.11.3_2.5.4,libfreetype.so.6.11.2_2.5.3,libfreetype.so.6.10.1_2.4.12,tt_cmap12_validate,V
CVE-2014-9669,libfreetype.so.6.11.3_2.5.4,libfreetype.so.6.11.2_2.5.3,libfreetype.so.6.11.2_2.5.3,tt_cmap12_validate,V
CVE-2014-9669,libfreetype.so.6.11.3_2.5.4,libfreetype.so.6.11.2_2.5.3,libfreetype.so.6.11.3_2.5.4,tt_cmap12_validate,P
CVE-2014-9669,libfreetype.so.6.11.3_2.5.4,libfreetype.so.6.11.2_2.5.3,libfreetype.so.6.11.4_2.5.5,tt_cmap12_validate,P
CVE-2014-9669,libfreetype.so.6.11.3_2.5.4,libfreetype.so.6.11.2_2.5.3,libfreetype.so.6.12.6_2.7.0,tt_cmap12_validate,P
CVE-2014-9669,libfreetype.so.6.11.3_2.5.4,libfreetype.so.6.11.2_2.5.3,libfreetype.so.6.13.0_2.7.1,tt_cmap12_validate,P
CVE-2014-9669,libfreetype.so.6.11.3_2.5.4,libfreetype.so.6.11.2_2.5.3,libfreetype.so.6.14.0_2.8.0,tt_cmap12_validate,P
CVE-2017-7858,libfreetype.so.6.14.0_2.8.0,libfreetype.so.6.13.0_2.7.1,libfreetype.so.6.5.0_2.4.0,sfnt_init_face,NA too much diff
CVE-2017-7858,libfreetype.so.6.14.0_2.8.0,libfreetype.so.6.13.0_2.7.1,libfreetype.so.6.5.1_2.4.1,sfnt_init_face,NA too much diff
CVE-2017-7858,libfreetype.so.6.14.0_2.8.0,libfreetype.so.6.13.0_2.7.1,libfreetype.so.6.6.0_2.4.2,sfnt_init_face,NA too much diff
CVE-2017-7858,libfreetype.so.6.14.0_2.8.0,libfreetype.so.6.13.0_2.7.1,libfreetype.so.6.6.1_2.4.3,sfnt_init_face,NA too much diff
CVE-2017-7858,libfreetype.so.6.14.0_2.8.0,libfreetype.so.6.13.0_2.7.1,libfreetype.so.6.6.2_2.4.4,sfnt_init_face,NA too much diff
CVE-2017-7858,libfreetype.so.6.14.0_2.8.0,libfreetype.so.6.13.0_2.7.1,libfreetype.so.6.7.0_2.4.5,sfnt_init_face,NA too much diff
CVE-2017-7858,libfreetype.so.6.14.0_2.8.0,libfreetype.so.6.13.0_2.7.1,libfreetype.so.6.7.1_2.4.6,sfnt_init_face,NA too much diff
CVE-2017-7858,libfreetype.so.6.14.0_2.8.0,libfreetype.so.6.13.0_2.7.1,libfreetype.so.6.7.2_2.4.7,sfnt_init_face,NA too much diff
CVE-2017-7858,libfreetype.so.6.14.0_2.8.0,libfreetype.so.6.13.0_2.7.1,libfreetype.so.6.8.0_2.4.8,sfnt_init_face,NA too much diff
CVE-2017-7858,libfreetype.so.6.14.0_2.8.0,libfreetype.so.6.13.0_2.7.1,libfreetype.so.6.8.1_2.4.9,sfnt_init_face,NA too much diff
CVE-2017-7858,libfreetype.so.6.14.0_2.8.0,libfreetype.so.6.13.0_2.7.1,libfreetype.so.6.9.0_2.4.10,sfnt_init_face,NA too much diff
CVE-2017-7858,libfreetype.so.6.14.0_2.8.0,libfreetype.so.6.13.0_2.7.1,libfreetype.so.6.10.0_2.4.11,sfnt_init_face,NA too much diff
CVE-2017-7858,libfreetype.so.6.14.0_2.8.0,libfreetype.so.6.13.0_2.7.1,libfreetype.so.6.10.1_2.4.12,sfnt_init_face,NA too much diff
CVE-2017-7858,libfreetype.so.6.14.0_2.8.0,libfreetype.so.6.13.0_2.7.1,libfreetype.so.6.11.2_2.5.3,sfnt_init_face,NA too much diff
CVE-2017-7858,libfreetype.so.6.14.0_2.8.0,libfreetype.so.6.13.0_2.7.1,libfreetype.so.6.11.3_2.5.4,sfnt_init_face,NA too much diff
CVE-2017-7858,libfreetype.so.6.14.0_2.8.0,libfreetype.so.6.13.0_2.7.1,libfreetype.so.6.11.4_2.5.5,sfnt_init_face,NA too much diff
CVE-2017-7858,libfreetype.so.6.14.0_2.8.0,libfreetype.so.6.13.0_2.7.1,libfreetype.so.6.12.6_2.7.0,sfnt_init_face,NA too much diff
CVE-2017-7858,libfreetype.so.6.14.0_2.8.0,libfreetype.so.6.13.0_2.7.1,libfreetype.so.6.13.0_2.7.1,sfnt_init_face,V
CVE-2017-7858,libfreetype.so.6.14.0_2.8.0,libfreetype.so.6.13.0_2.7.1,libfreetype.so.6.14.0_2.8.0,sfnt_init_face,P
CVE-2016-10328,libfreetype.so.6.13.0_2.7.1,libfreetype.so.6.12.6_2.7.0,libfreetype.so.6.5.0_2.4.0,cff_parser_run,NA too much diff
CVE-2016-10328,libfreetype.so.6.13.0_2.7.1,libfreetype.so.6.12.6_2.7.0,libfreetype.so.6.5.1_2.4.1,cff_parser_run,NA too much diff
CVE-2016-10328,libfreetype.so.6.13.0_2.7.1,libfreetype.so.6.12.6_2.7.0,libfreetype.so.6.6.0_2.4.2,cff_parser_run,NA too much diff
CVE-2016-10328,libfreetype.so.6.13.0_2.7.1,libfreetype.so.6.12.6_2.7.0,libfreetype.so.6.6.1_2.4.3,cff_parser_run,NA too much diff
CVE-2016-10328,libfreetype.so.6.13.0_2.7.1,libfreetype.so.6.12.6_2.7.0,libfreetype.so.6.6.2_2.4.4,cff_parser_run,NA too much diff
CVE-2016-10328,libfreetype.so.6.13.0_2.7.1,libfreetype.so.6.12.6_2.7.0,libfreetype.so.6.7.0_2.4.5,cff_parser_run,NA too much diff
CVE-2016-10328,libfreetype.so.6.13.0_2.7.1,libfreetype.so.6.12.6_2.7.0,libfreetype.so.6.7.1_2.4.6,cff_parser_run,NA too much diff
CVE-2016-10328,libfreetype.so.6.13.0_2.7.1,libfreetype.so.6.12.6_2.7.0,libfreetype.so.6.7.2_2.4.7,cff_parser_run,NA too much diff
CVE-2016-10328,libfreetype.so.6.13.0_2.7.1,libfreetype.so.6.12.6_2.7.0,libfreetype.so.6.8.0_2.4.8,cff_parser_run,NA too much diff
CVE-2016-10328,libfreetype.so.6.13.0_2.7.1,libfreetype.so.6.12.6_2.7.0,libfreetype.so.6.8.1_2.4.9,cff_parser_run,NA too much diff
CVE-2016-10328,libfreetype.so.6.13.0_2.7.1,libfreetype.so.6.12.6_2.7.0,libfreetype.so.6.9.0_2.4.10,cff_parser_run,NA too much diff
CVE-2016-10328,libfreetype.so.6.13.0_2.7.1,libfreetype.so.6.12.6_2.7.0,libfreetype.so.6.10.0_2.4.11,cff_parser_run,V
CVE-2016-10328,libfreetype.so.6.13.0_2.7.1,libfreetype.so.6.12.6_2.7.0,libfreetype.so.6.10.1_2.4.12,cff_parser_run,V
CVE-2016-10328,libfreetype.so.6.13.0_2.7.1,libfreetype.so.6.12.6_2.7.0,libfreetype.so.6.11.2_2.5.3,cff_parser_run,V
CVE-2016-10328,libfreetype.so.6.13.0_2.7.1,libfreetype.so.6.12.6_2.7.0,libfreetype.so.6.11.3_2.5.4,cff_parser_run,V
CVE-2016-10328,libfreetype.so.6.13.0_2.7.1,libfreetype.so.6.12.6_2.7.0,libfreetype.so.6.11.4_2.5.5,cff_parser_run,V
CVE-2016-10328,libfreetype.so.6.13.0_2.7.1,libfreetype.so.6.12.6_2.7.0,libfreetype.so.6.12.6_2.7.0,cff_parser_run,V
CVE-2016-10328,libfreetype.so.6.13.0_2.7.1,libfreetype.so.6.12.6_2.7.0,libfreetype.so.6.13.0_2.7.1,cff_parser_run,P
CVE-2016-10328,libfreetype.so.6.13.0_2.7.1,libfreetype.so.6.12.6_2.7.0,libfreetype.so.6.14.0_2.8.0,cff_parser_run,P
CVE-2017-7857,libfreetype.so.6.14.0_2.8.0,libfreetype.so.6.13.0_2.7.1,libfreetype.so.6.5.0_2.4.0,sfnt_init_face,NA too much diff
CVE-2017-7857,libfreetype.so.6.14.0_2.8.0,libfreetype.so.6.13.0_2.7.1,libfreetype.so.6.5.1_2.4.1,sfnt_init_face,NA too much diff
CVE-2017-7857,libfreetype.so.6.14.0_2.8.0,libfreetype.so.6.13.0_2.7.1,libfreetype.so.6.6.0_2.4.2,sfnt_init_face,NA too much diff
CVE-2017-7857,libfreetype.so.6.14.0_2.8.0,libfreetype.so.6.13.0_2.7.1,libfreetype.so.6.6.1_2.4.3,sfnt_init_face,NA too much diff
CVE-2017-7857,libfreetype.so.6.14.0_2.8.0,libfreetype.so.6.13.0_2.7.1,libfreetype.so.6.6.2_2.4.4,sfnt_init_face,NA too much diff
CVE-2017-7857,libfreetype.so.6.14.0_2.8.0,libfreetype.so.6.13.0_2.7.1,libfreetype.so.6.7.0_2.4.5,sfnt_init_face,NA too much diff
CVE-2017-7857,libfreetype.so.6.14.0_2.8.0,libfreetype.so.6.13.0_2.7.1,libfreetype.so.6.7.1_2.4.6,sfnt_init_face,NA too much diff
CVE-2017-7857,libfreetype.so.6.14.0_2.8.0,libfreetype.so.6.13.0_2.7.1,libfreetype.so.6.7.2_2.4.7,sfnt_init_face,NA too much diff
CVE-2017-7857,libfreetype.so.6.14.0_2.8.0,libfreetype.so.6.13.0_2.7.1,libfreetype.so.6.8.0_2.4.8,sfnt_init_face,NA too much diff
CVE-2017-7857,libfreetype.so.6.14.0_2.8.0,libfreetype.so.6.13.0_2.7.1,libfreetype.so.6.8.1_2.4.9,sfnt_init_face,NA too much diff
CVE-2017-7857,libfreetype.so.6.14.0_2.8.0,libfreetype.so.6.13.0_2.7.1,libfreetype.so.6.9.0_2.4.10,sfnt_init_face,NA too much diff
CVE-2017-7857,libfreetype.so.6.14.0_2.8.0,libfreetype.so.6.13.0_2.7.1,libfreetype.so.6.10.0_2.4.11,sfnt_init_face,NA too much diff
CVE-2017-7857,libfreetype.so.6.14.0_2.8.0,libfreetype.so.6.13.0_2.7.1,libfreetype.so.6.10.1_2.4.12,sfnt_init_face,NA too much diff
CVE-2017-7857,libfreetype.so.6.14.0_2.8.0,libfreetype.so.6.13.0_2.7.1,libfreetype.so.6.11.2_2.5.3,sfnt_init_face,NA too much diff
CVE-2017-7857,libfreetype.so.6.14.0_2.8.0,libfreetype.so.6.13.0_2.7.1,libfreetype.so.6.11.3_2.5.4,sfnt_init_face,NA too much diff
CVE-2017-7857,libfreetype.so.6.14.0_2.8.0,libfreetype.so.6.13.0_2.7.1,libfreetype.so.6.11.4_2.5.5,sfnt_init_face,NA too much diff
CVE-2017-7857,libfreetype.so.6.14.0_2.8.0,libfreetype.so.6.13.0_2.7.1,libfreetype.so.6.12.6_2.7.0,sfnt_init_face,NA too much diff
CVE-2017-7857,libfreetype.so.6.14.0_2.8.0,libfreetype.so.6.13.0_2.7.1,libfreetype.so.6.13.0_2.7.1,sfnt_init_face,V
CVE-2017-7857,libfreetype.so.6.14.0_2.8.0,libfreetype.so.6.13.0_2.7.1,libfreetype.so.6.14.0_2.8.0,sfnt_init_face,P
CVE-2014-9663,libfreetype.so.6.11.3_2.5.4,libfreetype.so.6.11.2_2.5.3,libfreetype.so.6.5.0_2.4.0,tt_cmap4_validate,V
CVE-2014-9663,libfreetype.so.6.11.3_2.5.4,libfreetype.so.6.11.2_2.5.3,libfreetype.so.6.5.1_2.4.1,tt_cmap4_validate,V
CVE-2014-9663,libfreetype.so.6.11.3_2.5.4,libfreetype.so.6.11.2_2.5.3,libfreetype.so.6.6.0_2.4.2,tt_cmap4_validate,V
CVE-2014-9663,libfreetype.so.6.11.3_2.5.4,libfreetype.so.6.11.2_2.5.3,libfreetype.so.6.6.1_2.4.3,tt_cmap4_validate,V
CVE-2014-9663,libfreetype.so.6.11.3_2.5.4,libfreetype.so.6.11.2_2.5.3,libfreetype.so.6.6.2_2.4.4,tt_cmap4_validate,V
CVE-2014-9663,libfreetype.so.6.11.3_2.5.4,libfreetype.so.6.11.2_2.5.3,libfreetype.so.6.7.0_2.4.5,tt_cmap4_validate,V
CVE-2014-9663,libfreetype.so.6.11.3_2.5.4,libfreetype.so.6.11.2_2.5.3,libfreetype.so.6.7.1_2.4.6,tt_cmap4_validate,V
CVE-2014-9663,libfreetype.so.6.11.3_2.5.4,libfreetype.so.6.11.2_2.5.3,libfreetype.so.6.7.2_2.4.7,tt_cmap4_validate,V
CVE-2014-9663,libfreetype.so.6.11.3_2.5.4,libfreetype.so.6.11.2_2.5.3,libfreetype.so.6.8.0_2.4.8,tt_cmap4_validate,V
CVE-2014-9663,libfreetype.so.6.11.3_2.5.4,libfreetype.so.6.11.2_2.5.3,libfreetype.so.6.8.1_2.4.9,tt_cmap4_validate,V
CVE-2014-9663,libfreetype.so.6.11.3_2.5.4,libfreetype.so.6.11.2_2.5.3,libfreetype.so.6.9.0_2.4.10,tt_cmap4_validate,V
CVE-2014-9663,libfreetype.so.6.11.3_2.5.4,libfreetype.so.6.11.2_2.5.3,libfreetype.so.6.10.0_2.4.11,tt_cmap4_validate,V
CVE-2014-9663,libfreetype.so.6.11.3_2.5.4,libfreetype.so.6.11.2_2.5.3,libfreetype.so.6.10.1_2.4.12,tt_cmap4_validate,V
CVE-2014-9663,libfreetype.so.6.11.3_2.5.4,libfreetype.so.6.11.2_2.5.3,libfreetype.so.6.11.2_2.5.3,tt_cmap4_validate,V
CVE-2014-9663,libfreetype.so.6.11.3_2.5.4,libfreetype.so.6.11.2_2.5.3,libfreetype.so.6.11.3_2.5.4,tt_cmap4_validate,P
CVE-2014-9663,libfreetype.so.6.11.3_2.5.4,libfreetype.so.6.11.2_2.5.3,libfreetype.so.6.11.4_2.5.5,tt_cmap4_validate,P
CVE-2014-9663,libfreetype.so.6.11.3_2.5.4,libfreetype.so.6.11.2_2.5.3,libfreetype.so.6.12.6_2.7.0,tt_cmap4_validate,P
CVE-2014-9663,libfreetype.so.6.11.3_2.5.4,libfreetype.so.6.11.2_2.5.3,libfreetype.so.6.13.0_2.7.1,tt_cmap4_validate,P
CVE-2014-9663,libfreetype.so.6.11.3_2.5.4,libfreetype.so.6.11.2_2.5.3,libfreetype.so.6.14.0_2.8.0,tt_cmap4_validate,P
CVE-2012-1132,libfreetype.so.6.8.1_2.4.9,libfreetype.so.6.8.0_2.4.8,libfreetype.so.6.5.0_2.4.0,parse_subrs,V
CVE-2012-1132,libfreetype.so.6.8.1_2.4.9,libfreetype.so.6.8.0_2.4.8,libfreetype.so.6.5.1_2.4.1,parse_subrs,V
CVE-2012-1132,libfreetype.so.6.8.1_2.4.9,libfreetype.so.6.8.0_2.4.8,libfreetype.so.6.6.0_2.4.2,parse_subrs,V
CVE-2012-1132,libfreetype.so.6.8.1_2.4.9,libfreetype.so.6.8.0_2.4.8,libfreetype.so.6.6.1_2.4.3,parse_subrs,V
CVE-2012-1132,libfreetype.so.6.8.1_2.4.9,libfreetype.so.6.8.0_2.4.8,libfreetype.so.6.6.2_2.4.4,parse_subrs,V
CVE-2012-1132,libfreetype.so.6.8.1_2.4.9,libfreetype.so.6.8.0_2.4.8,libfreetype.so.6.7.0_2.4.5,parse_subrs,V
CVE-2012-1132,libfreetype.so.6.8.1_2.4.9,libfreetype.so.6.8.0_2.4.8,libfreetype.so.6.7.1_2.4.6,parse_subrs,V
CVE-2012-1132,libfreetype.so.6.8.1_2.4.9,libfreetype.so.6.8.0_2.4.8,libfreetype.so.6.7.2_2.4.7,parse_subrs,V
CVE-2012-1132,libfreetype.so.6.8.1_2.4.9,libfreetype.so.6.8.0_2.4.8,libfreetype.so.6.8.0_2.4.8,parse_subrs,V
CVE-2012-1132,libfreetype.so.6.8.1_2.4.9,libfreetype.so.6.8.0_2.4.8,libfreetype.so.6.8.1_2.4.9,parse_subrs,P
CVE-2012-1132,libfreetype.so.6.8.1_2.4.9,libfreetype.so.6.8.0_2.4.8,libfreetype.so.6.9.0_2.4.10,parse_subrs,P
CVE-2012-1132,libfreetype.so.6.8.1_2.4.9,libfreetype.so.6.8.0_2.4.8,libfreetype.so.6.10.0_2.4.11,parse_subrs,P
CVE-2012-1132,libfreetype.so.6.8.1_2.4.9,libfreetype.so.6.8.0_2.4.8,libfreetype.so.6.10.1_2.4.12,parse_subrs,P
CVE-2012-1132,libfreetype.so.6.8.1_2.4.9,libfreetype.so.6.8.0_2.4.8,libfreetype.so.6.11.2_2.5.3,parse_subrs,P
CVE-2012-1132,libfreetype.so.6.8.1_2.4.9,libfreetype.so.6.8.0_2.4.8,libfreetype.so.6.11.3_2.5.4,parse_subrs,P
CVE-2012-1132,libfreetype.so.6.8.1_2.4.9,libfreetype.so.6.8.0_2.4.8,libfreetype.so.6.11.4_2.5.5,parse_subrs,P
CVE-2012-1132,libfreetype.so.6.8.1_2.4.9,libfreetype.so.6.8.0_2.4.8,libfreetype.so.6.12.6_2.7.0,parse_subrs,P
CVE-2012-1132,libfreetype.so.6.8.1_2.4.9,libfreetype.so.6.8.0_2.4.8,libfreetype.so.6.13.0_2.7.1,parse_subrs,P
CVE-2012-1132,libfreetype.so.6.8.1_2.4.9,libfreetype.so.6.8.0_2.4.8,libfreetype.so.6.14.0_2.8.0,parse_subrs,P
CVE-2014-9656,libfreetype.so.6.11.3_2.5.4,libfreetype.so.6.11.2_2.5.3,libfreetype.so.6.10.1_2.4.12,tt_sbit_decoder_load_image,NA too much diff
CVE-2014-9656,libfreetype.so.6.11.3_2.5.4,libfreetype.so.6.11.2_2.5.3,libfreetype.so.6.11.2_2.5.3,tt_sbit_decoder_load_image,V
CVE-2014-9656,libfreetype.so.6.11.3_2.5.4,libfreetype.so.6.11.2_2.5.3,libfreetype.so.6.11.3_2.5.4,tt_sbit_decoder_load_image,P
CVE-2014-9656,libfreetype.so.6.11.3_2.5.4,libfreetype.so.6.11.2_2.5.3,libfreetype.so.6.12.6_2.7.0,tt_sbit_decoder_load_image,NA too much diff
CVE-2014-9656,libfreetype.so.6.11.3_2.5.4,libfreetype.so.6.11.2_2.5.3,libfreetype.so.6.13.0_2.7.1,tt_sbit_decoder_load_image,NA too much diff
CVE-2014-9656,libfreetype.so.6.11.3_2.5.4,libfreetype.so.6.11.2_2.5.3,libfreetype.so.6.14.0_2.8.0,tt_sbit_decoder_load_image,NA too much diff
CVE-2012-1142,libfreetype.so.6.8.1_2.4.9,libfreetype.so.6.8.0_2.4.8,libfreetype.so.6.5.0_2.4.0,FNT_Face_Init,V
CVE-2012-1142,libfreetype.so.6.8.1_2.4.9,libfreetype.so.6.8.0_2.4.8,libfreetype.so.6.5.1_2.4.1,FNT_Face_Init,V
CVE-2012-1142,libfreetype.so.6.8.1_2.4.9,libfreetype.so.6.8.0_2.4.8,libfreetype.so.6.6.0_2.4.2,FNT_Face_Init,V
CVE-2012-1142,libfreetype.so.6.8.1_2.4.9,libfreetype.so.6.8.0_2.4.8,libfreetype.so.6.6.1_2.4.3,FNT_Face_Init,V
CVE-2012-1142,libfreetype.so.6.8.1_2.4.9,libfreetype.so.6.8.0_2.4.8,libfreetype.so.6.6.2_2.4.4,FNT_Face_Init,V
CVE-2012-1142,libfreetype.so.6.8.1_2.4.9,libfreetype.so.6.8.0_2.4.8,libfreetype.so.6.7.0_2.4.5,FNT_Face_Init,V
CVE-2012-1142,libfreetype.so.6.8.1_2.4.9,libfreetype.so.6.8.0_2.4.8,libfreetype.so.6.7.1_2.4.6,FNT_Face_Init,V
CVE-2012-1142,libfreetype.so.6.8.1_2.4.9,libfreetype.so.6.8.0_2.4.8,libfreetype.so.6.7.2_2.4.7,FNT_Face_Init,V
CVE-2012-1142,libfreetype.so.6.8.1_2.4.9,libfreetype.so.6.8.0_2.4.8,libfreetype.so.6.8.0_2.4.8,FNT_Face_Init,V
CVE-2012-1142,libfreetype.so.6.8.1_2.4.9,libfreetype.so.6.8.0_2.4.8,libfreetype.so.6.8.1_2.4.9,FNT_Face_Init,P
CVE-2012-1142,libfreetype.so.6.8.1_2.4.9,libfreetype.so.6.8.0_2.4.8,libfreetype.so.6.9.0_2.4.10,FNT_Face_Init,P
CVE-2012-1142,libfreetype.so.6.8.1_2.4.9,libfreetype.so.6.8.0_2.4.8,libfreetype.so.6.10.0_2.4.11,FNT_Face_Init,P
CVE-2012-1142,libfreetype.so.6.8.1_2.4.9,libfreetype.so.6.8.0_2.4.8,libfreetype.so.6.10.1_2.4.12,FNT_Face_Init,P
CVE-2012-1142,libfreetype.so.6.8.1_2.4.9,libfreetype.so.6.8.0_2.4.8,libfreetype.so.6.11.2_2.5.3,FNT_Face_Init,P
CVE-2012-1142,libfreetype.so.6.8.1_2.4.9,libfreetype.so.6.8.0_2.4.8,libfreetype.so.6.11.3_2.5.4,FNT_Face_Init,P
CVE-2012-1142,libfreetype.so.6.8.1_2.4.9,libfreetype.so.6.8.0_2.4.8,libfreetype.so.6.11.4_2.5.5,FNT_Face_Init,P
CVE-2012-1142,libfreetype.so.6.8.1_2.4.9,libfreetype.so.6.8.0_2.4.8,libfreetype.so.6.12.6_2.7.0,FNT_Face_Init,NA too much diff
CVE-2012-1142,libfreetype.so.6.8.1_2.4.9,libfreetype.so.6.8.0_2.4.8,libfreetype.so.6.13.0_2.7.1,FNT_Face_Init,NA too much diff
CVE-2012-1142,libfreetype.so.6.8.1_2.4.9,libfreetype.so.6.8.0_2.4.8,libfreetype.so.6.14.0_2.8.0,FNT_Face_Init,NA too much diff
CVE-2010-3855,libfreetype.so.6.6.2_2.4.4,libfreetype.so.6.6.1_2.4.3,libfreetype.so.6.5.0_2.4.0,ft_var_readpackedpoints,V
CVE-2010-3855,libfreetype.so.6.6.2_2.4.4,libfreetype.so.6.6.1_2.4.3,libfreetype.so.6.5.1_2.4.1,ft_var_readpackedpoints,V
CVE-2010-3855,libfreetype.so.6.6.2_2.4.4,libfreetype.so.6.6.1_2.4.3,libfreetype.so.6.6.0_2.4.2,ft_var_readpackedpoints,V
CVE-2010-3855,libfreetype.so.6.6.2_2.4.4,libfreetype.so.6.6.1_2.4.3,libfreetype.so.6.6.1_2.4.3,ft_var_readpackedpoints,V
CVE-2010-3855,libfreetype.so.6.6.2_2.4.4,libfreetype.so.6.6.1_2.4.3,libfreetype.so.6.6.2_2.4.4,ft_var_readpackedpoints,P
CVE-2010-3855,libfreetype.so.6.6.2_2.4.4,libfreetype.so.6.6.1_2.4.3,libfreetype.so.6.7.0_2.4.5,ft_var_readpackedpoints,P
CVE-2010-3855,libfreetype.so.6.6.2_2.4.4,libfreetype.so.6.6.1_2.4.3,libfreetype.so.6.7.1_2.4.6,ft_var_readpackedpoints,P
CVE-2010-3855,libfreetype.so.6.6.2_2.4.4,libfreetype.so.6.6.1_2.4.3,libfreetype.so.6.7.2_2.4.7,ft_var_readpackedpoints,P
CVE-2010-3855,libfreetype.so.6.6.2_2.4.4,libfreetype.so.6.6.1_2.4.3,libfreetype.so.6.8.0_2.4.8,ft_var_readpackedpoints,P
CVE-2010-3855,libfreetype.so.6.6.2_2.4.4,libfreetype.so.6.6.1_2.4.3,libfreetype.so.6.8.1_2.4.9,ft_var_readpackedpoints,P
CVE-2010-3855,libfreetype.so.6.6.2_2.4.4,libfreetype.so.6.6.1_2.4.3,libfreetype.so.6.9.0_2.4.10,ft_var_readpackedpoints,P
CVE-2010-3855,libfreetype.so.6.6.2_2.4.4,libfreetype.so.6.6.1_2.4.3,libfreetype.so.6.10.0_2.4.11,ft_var_readpackedpoints,P
CVE-2010-3855,libfreetype.so.6.6.2_2.4.4,libfreetype.so.6.6.1_2.4.3,libfreetype.so.6.10.1_2.4.12,ft_var_readpackedpoints,P
CVE-2010-3855,libfreetype.so.6.6.2_2.4.4,libfreetype.so.6.6.1_2.4.3,libfreetype.so.6.11.2_2.5.3,ft_var_readpackedpoints,P
CVE-2010-3855,libfreetype.so.6.6.2_2.4.4,libfreetype.so.6.6.1_2.4.3,libfreetype.so.6.11.3_2.5.4,ft_var_readpackedpoints,P
CVE-2010-3855,libfreetype.so.6.6.2_2.4.4,libfreetype.so.6.6.1_2.4.3,libfreetype.so.6.11.4_2.5.5,ft_var_readpackedpoints,P
CVE-2012-5670,libfreetype.so.6.10.0_2.4.11,libfreetype.so.6.9.0_2.4.10,libfreetype.so.6.5.0_2.4.0,_bdf_parse_glyphs,NA too much diff
CVE-2012-5670,libfreetype.so.6.10.0_2.4.11,libfreetype.so.6.9.0_2.4.10,libfreetype.so.6.5.1_2.4.1,_bdf_parse_glyphs,NA too much diff
CVE-2012-5670,libfreetype.so.6.10.0_2.4.11,libfreetype.so.6.9.0_2.4.10,libfreetype.so.6.6.0_2.4.2,_bdf_parse_glyphs,NA too much diff
CVE-2012-5670,libfreetype.so.6.10.0_2.4.11,libfreetype.so.6.9.0_2.4.10,libfreetype.so.6.6.1_2.4.3,_bdf_parse_glyphs,NA too much diff
CVE-2012-5670,libfreetype.so.6.10.0_2.4.11,libfreetype.so.6.9.0_2.4.10,libfreetype.so.6.6.2_2.4.4,_bdf_parse_glyphs,NA too much diff
CVE-2012-5670,libfreetype.so.6.10.0_2.4.11,libfreetype.so.6.9.0_2.4.10,libfreetype.so.6.7.0_2.4.5,_bdf_parse_glyphs,NA too much diff
CVE-2012-5670,libfreetype.so.6.10.0_2.4.11,libfreetype.so.6.9.0_2.4.10,libfreetype.so.6.7.1_2.4.6,_bdf_parse_glyphs,NA too much diff
CVE-2012-5670,libfreetype.so.6.10.0_2.4.11,libfreetype.so.6.9.0_2.4.10,libfreetype.so.6.7.2_2.4.7,_bdf_parse_glyphs,NA too much diff
CVE-2012-5670,libfreetype.so.6.10.0_2.4.11,libfreetype.so.6.9.0_2.4.10,libfreetype.so.6.8.0_2.4.8,_bdf_parse_glyphs,NA too much diff
CVE-2012-5670,libfreetype.so.6.10.0_2.4.11,libfreetype.so.6.9.0_2.4.10,libfreetype.so.6.8.1_2.4.9,_bdf_parse_glyphs,NA too much diff
CVE-2012-5670,libfreetype.so.6.10.0_2.4.11,libfreetype.so.6.9.0_2.4.10,libfreetype.so.6.9.0_2.4.10,_bdf_parse_glyphs,V
CVE-2012-5670,libfreetype.so.6.10.0_2.4.11,libfreetype.so.6.9.0_2.4.10,libfreetype.so.6.10.0_2.4.11,_bdf_parse_glyphs,P
CVE-2012-5670,libfreetype.so.6.10.0_2.4.11,libfreetype.so.6.9.0_2.4.10,libfreetype.so.6.10.1_2.4.12,_bdf_parse_glyphs,NA too much diff
CVE-2012-5670,libfreetype.so.6.10.0_2.4.11,libfreetype.so.6.9.0_2.4.10,libfreetype.so.6.11.2_2.5.3,_bdf_parse_glyphs,NA too much diff
CVE-2012-5670,libfreetype.so.6.10.0_2.4.11,libfreetype.so.6.9.0_2.4.10,libfreetype.so.6.11.3_2.5.4,_bdf_parse_glyphs,NA too much diff
CVE-2012-5670,libfreetype.so.6.10.0_2.4.11,libfreetype.so.6.9.0_2.4.10,libfreetype.so.6.11.4_2.5.5,_bdf_parse_glyphs,NA too much diff
CVE-2012-5670,libfreetype.so.6.10.0_2.4.11,libfreetype.so.6.9.0_2.4.10,libfreetype.so.6.12.6_2.7.0,_bdf_parse_glyphs,NA too much diff
CVE-2012-5670,libfreetype.so.6.10.0_2.4.11,libfreetype.so.6.9.0_2.4.10,libfreetype.so.6.13.0_2.7.1,_bdf_parse_glyphs,NA too much diff
CVE-2012-5670,libfreetype.so.6.10.0_2.4.11,libfreetype.so.6.9.0_2.4.10,libfreetype.so.6.14.0_2.8.0,_bdf_parse_glyphs,NA too much diff
CVE-2012-5668,libfreetype.so.6.10.0_2.4.11,libfreetype.so.6.9.0_2.4.10,libfreetype.so.6.5.0_2.4.0,_bdf_parse_start,V
CVE-2012-5668,libfreetype.so.6.10.0_2.4.11,libfreetype.so.6.9.0_2.4.10,libfreetype.so.6.5.1_2.4.1,_bdf_parse_start,V
CVE-2012-5668,libfreetype.so.6.10.0_2.4.11,libfreetype.so.6.9.0_2.4.10,libfreetype.so.6.6.0_2.4.2,_bdf_parse_start,V
CVE-2012-5668,libfreetype.so.6.10.0_2.4.11,libfreetype.so.6.9.0_2.4.10,libfreetype.so.6.6.1_2.4.3,_bdf_parse_start,V
CVE-2012-5668,libfreetype.so.6.10.0_2.4.11,libfreetype.so.6.9.0_2.4.10,libfreetype.so.6.6.2_2.4.4,_bdf_parse_start,V
CVE-2012-5668,libfreetype.so.6.10.0_2.4.11,libfreetype.so.6.9.0_2.4.10,libfreetype.so.6.7.0_2.4.5,_bdf_parse_start,V
CVE-2012-5668,libfreetype.so.6.10.0_2.4.11,libfreetype.so.6.9.0_2.4.10,libfreetype.so.6.7.1_2.4.6,_bdf_parse_start,V
CVE-2012-5668,libfreetype.so.6.10.0_2.4.11,libfreetype.so.6.9.0_2.4.10,libfreetype.so.6.7.2_2.4.7,_bdf_parse_start,V
CVE-2012-5668,libfreetype.so.6.10.0_2.4.11,libfreetype.so.6.9.0_2.4.10,libfreetype.so.6.8.0_2.4.8,_bdf_parse_start,V
CVE-2012-5668,libfreetype.so.6.10.0_2.4.11,libfreetype.so.6.9.0_2.4.10,libfreetype.so.6.8.1_2.4.9,_bdf_parse_start,V
CVE-2012-5668,libfreetype.so.6.10.0_2.4.11,libfreetype.so.6.9.0_2.4.10,libfreetype.so.6.9.0_2.4.10,_bdf_parse_start,V
CVE-2012-5668,libfreetype.so.6.10.0_2.4.11,libfreetype.so.6.9.0_2.4.10,libfreetype.so.6.10.0_2.4.11,_bdf_parse_start,P
CVE-2012-5668,libfreetype.so.6.10.0_2.4.11,libfreetype.so.6.9.0_2.4.10,libfreetype.so.6.10.1_2.4.12,_bdf_parse_start,P
CVE-2012-5668,libfreetype.so.6.10.0_2.4.11,libfreetype.so.6.9.0_2.4.10,libfreetype.so.6.11.2_2.5.3,_bdf_parse_start,NA too much diff
CVE-2012-5668,libfreetype.so.6.10.0_2.4.11,libfreetype.so.6.9.0_2.4.10,libfreetype.so.6.11.3_2.5.4,_bdf_parse_start,NA too much diff
CVE-2012-5668,libfreetype.so.6.10.0_2.4.11,libfreetype.so.6.9.0_2.4.10,libfreetype.so.6.11.4_2.5.5,_bdf_parse_start,NA too much diff
CVE-2012-5668,libfreetype.so.6.10.0_2.4.11,libfreetype.so.6.9.0_2.4.10,libfreetype.so.6.12.6_2.7.0,_bdf_parse_start,NA too much diff
CVE-2012-5668,libfreetype.so.6.10.0_2.4.11,libfreetype.so.6.9.0_2.4.10,libfreetype.so.6.13.0_2.7.1,_bdf_parse_start,NA too much diff
CVE-2012-5668,libfreetype.so.6.10.0_2.4.11,libfreetype.so.6.9.0_2.4.10,libfreetype.so.6.14.0_2.8.0,_bdf_parse_start,NA too much diff
CVE-2014-9659,libfreetype.so.6.11.3_2.5.4,libfreetype.so.6.11.2_2.5.3,libfreetype.so.6.10.1_2.4.12,cf2_hintmap_build,NA too much diff
CVE-2014-9659,libfreetype.so.6.11.3_2.5.4,libfreetype.so.6.11.2_2.5.3,libfreetype.so.6.11.2_2.5.3,cf2_hintmap_build,V
CVE-2014-9659,libfreetype.so.6.11.3_2.5.4,libfreetype.so.6.11.2_2.5.3,libfreetype.so.6.11.3_2.5.4,cf2_hintmap_build,P
CVE-2014-9659,libfreetype.so.6.11.3_2.5.4,libfreetype.so.6.11.2_2.5.3,libfreetype.so.6.11.4_2.5.5,cf2_hintmap_build,P
CVE-2014-9659,libfreetype.so.6.11.3_2.5.4,libfreetype.so.6.11.2_2.5.3,libfreetype.so.6.12.6_2.7.0,cf2_hintmap_build,NA too much diff
CVE-2014-9659,libfreetype.so.6.11.3_2.5.4,libfreetype.so.6.11.2_2.5.3,libfreetype.so.6.13.0_2.7.1,cf2_hintmap_build,NA too much diff
CVE-2014-9659,libfreetype.so.6.11.3_2.5.4,libfreetype.so.6.11.2_2.5.3,libfreetype.so.6.14.0_2.8.0,cf2_hintmap_build,NA too much diff
CVE-2014-9662,libfreetype.so.6.11.3_2.5.4,libfreetype.so.6.11.2_2.5.3,libfreetype.so.6.11.2_2.5.3,cf2_builder_lineTo,V
CVE-2014-9662,libfreetype.so.6.11.3_2.5.4,libfreetype.so.6.11.2_2.5.3,libfreetype.so.6.11.3_2.5.4,cf2_builder_lineTo,P
CVE-2014-9662,libfreetype.so.6.11.3_2.5.4,libfreetype.so.6.11.2_2.5.3,libfreetype.so.6.11.4_2.5.5,cf2_builder_lineTo,P
CVE-2014-9662,libfreetype.so.6.11.3_2.5.4,libfreetype.so.6.11.2_2.5.3,libfreetype.so.6.12.6_2.7.0,cf2_builder_lineTo,P
CVE-2014-9662,libfreetype.so.6.11.3_2.5.4,libfreetype.so.6.11.2_2.5.3,libfreetype.so.6.13.0_2.7.1,cf2_builder_lineTo,P
CVE-2014-9662,libfreetype.so.6.11.3_2.5.4,libfreetype.so.6.11.2_2.5.3,libfreetype.so.6.14.0_2.8.0,cf2_builder_lineTo,P
CVE-2014-9664,libfreetype.so.6.11.3_2.5.4,libfreetype.so.6.11.2_2.5.3,libfreetype.so.6.5.0_2.4.0,t42_parse_charstrings,V
CVE-2014-9664,libfreetype.so.6.11.3_2.5.4,libfreetype.so.6.11.2_2.5.3,libfreetype.so.6.5.1_2.4.1,t42_parse_charstrings,V
CVE-2014-9664,libfreetype.so.6.11.3_2.5.4,libfreetype.so.6.11.2_2.5.3,libfreetype.so.6.6.0_2.4.2,t42_parse_charstrings,V
CVE-2014-9664,libfreetype.so.6.11.3_2.5.4,libfreetype.so.6.11.2_2.5.3,libfreetype.so.6.6.1_2.4.3,t42_parse_charstrings,V
CVE-2014-9664,libfreetype.so.6.11.3_2.5.4,libfreetype.so.6.11.2_2.5.3,libfreetype.so.6.6.2_2.4.4,t42_parse_charstrings,V
CVE-2014-9664,libfreetype.so.6.11.3_2.5.4,libfreetype.so.6.11.2_2.5.3,libfreetype.so.6.7.0_2.4.5,t42_parse_charstrings,V
CVE-2014-9664,libfreetype.so.6.11.3_2.5.4,libfreetype.so.6.11.2_2.5.3,libfreetype.so.6.7.1_2.4.6,t42_parse_charstrings,V
CVE-2014-9664,libfreetype.so.6.11.3_2.5.4,libfreetype.so.6.11.2_2.5.3,libfreetype.so.6.7.2_2.4.7,t42_parse_charstrings,V
CVE-2014-9664,libfreetype.so.6.11.3_2.5.4,libfreetype.so.6.11.2_2.5.3,libfreetype.so.6.8.0_2.4.8,t42_parse_charstrings,V
CVE-2014-9664,libfreetype.so.6.11.3_2.5.4,libfreetype.so.6.11.2_2.5.3,libfreetype.so.6.8.1_2.4.9,t42_parse_charstrings,V
CVE-2014-9664,libfreetype.so.6.11.3_2.5.4,libfreetype.so.6.11.2_2.5.3,libfreetype.so.6.9.0_2.4.10,t42_parse_charstrings,V
CVE-2014-9664,libfreetype.so.6.11.3_2.5.4,libfreetype.so.6.11.2_2.5.3,libfreetype.so.6.10.0_2.4.11,t42_parse_charstrings,V
CVE-2014-9664,libfreetype.so.6.11.3_2.5.4,libfreetype.so.6.11.2_2.5.3,libfreetype.so.6.10.1_2.4.12,t42_parse_charstrings,V
CVE-2014-9664,libfreetype.so.6.11.3_2.5.4,libfreetype.so.6.11.2_2.5.3,libfreetype.so.6.11.2_2.5.3,t42_parse_charstrings,V
CVE-2014-9664,libfreetype.so.6.11.3_2.5.4,libfreetype.so.6.11.2_2.5.3,libfreetype.so.6.11.3_2.5.4,t42_parse_charstrings,P
CVE-2014-9664,libfreetype.so.6.11.3_2.5.4,libfreetype.so.6.11.2_2.5.3,libfreetype.so.6.11.4_2.5.5,t42_parse_charstrings,P
CVE-2014-9664,libfreetype.so.6.11.3_2.5.4,libfreetype.so.6.11.2_2.5.3,libfreetype.so.6.12.6_2.7.0,t42_parse_charstrings,P
CVE-2014-9664,libfreetype.so.6.11.3_2.5.4,libfreetype.so.6.11.2_2.5.3,libfreetype.so.6.13.0_2.7.1,t42_parse_charstrings,P
CVE-2014-9664,libfreetype.so.6.11.3_2.5.4,libfreetype.so.6.11.2_2.5.3,libfreetype.so.6.14.0_2.8.0,t42_parse_charstrings,P
CVE-2012-1132,libfreetype.so.6.8.1_2.4.9,libfreetype.so.6.8.0_2.4.8,libfreetype.so.6.5.0_2.4.0,ps_parser_skip_PS_token,V
CVE-2012-1132,libfreetype.so.6.8.1_2.4.9,libfreetype.so.6.8.0_2.4.8,libfreetype.so.6.5.1_2.4.1,ps_parser_skip_PS_token,V
CVE-2012-1132,libfreetype.so.6.8.1_2.4.9,libfreetype.so.6.8.0_2.4.8,libfreetype.so.6.6.0_2.4.2,ps_parser_skip_PS_token,V
CVE-2012-1132,libfreetype.so.6.8.1_2.4.9,libfreetype.so.6.8.0_2.4.8,libfreetype.so.6.6.1_2.4.3,ps_parser_skip_PS_token,V
CVE-2012-1132,libfreetype.so.6.8.1_2.4.9,libfreetype.so.6.8.0_2.4.8,libfreetype.so.6.6.2_2.4.4,ps_parser_skip_PS_token,V
CVE-2012-1132,libfreetype.so.6.8.1_2.4.9,libfreetype.so.6.8.0_2.4.8,libfreetype.so.6.7.0_2.4.5,ps_parser_skip_PS_token,V
CVE-2012-1132,libfreetype.so.6.8.1_2.4.9,libfreetype.so.6.8.0_2.4.8,libfreetype.so.6.7.1_2.4.6,ps_parser_skip_PS_token,V
CVE-2012-1132,libfreetype.so.6.8.1_2.4.9,libfreetype.so.6.8.0_2.4.8,libfreetype.so.6.7.2_2.4.7,ps_parser_skip_PS_token,V
CVE-2012-1132,libfreetype.so.6.8.1_2.4.9,libfreetype.so.6.8.0_2.4.8,libfreetype.so.6.8.0_2.4.8,ps_parser_skip_PS_token,V
CVE-2012-1132,libfreetype.so.6.8.1_2.4.9,libfreetype.so.6.8.0_2.4.8,libfreetype.so.6.8.1_2.4.9,ps_parser_skip_PS_token,P
CVE-2012-1132,libfreetype.so.6.8.1_2.4.9,libfreetype.so.6.8.0_2.4.8,libfreetype.so.6.9.0_2.4.10,ps_parser_skip_PS_token,P
CVE-2012-1132,libfreetype.so.6.8.1_2.4.9,libfreetype.so.6.8.0_2.4.8,libfreetype.so.6.10.0_2.4.11,ps_parser_skip_PS_token,P
CVE-2012-1132,libfreetype.so.6.8.1_2.4.9,libfreetype.so.6.8.0_2.4.8,libfreetype.so.6.10.1_2.4.12,ps_parser_skip_PS_token,P
CVE-2012-1132,libfreetype.so.6.8.1_2.4.9,libfreetype.so.6.8.0_2.4.8,libfreetype.so.6.11.2_2.5.3,ps_parser_skip_PS_token,P
CVE-2012-1132,libfreetype.so.6.8.1_2.4.9,libfreetype.so.6.8.0_2.4.8,libfreetype.so.6.11.3_2.5.4,ps_parser_skip_PS_token,P
CVE-2012-1132,libfreetype.so.6.8.1_2.4.9,libfreetype.so.6.8.0_2.4.8,libfreetype.so.6.11.4_2.5.5,ps_parser_skip_PS_token,P
CVE-2012-1132,libfreetype.so.6.8.1_2.4.9,libfreetype.so.6.8.0_2.4.8,libfreetype.so.6.12.6_2.7.0,ps_parser_skip_PS_token,P
CVE-2012-1132,libfreetype.so.6.8.1_2.4.9,libfreetype.so.6.8.0_2.4.8,libfreetype.so.6.13.0_2.7.1,ps_parser_skip_PS_token,P
CVE-2012-1132,libfreetype.so.6.8.1_2.4.9,libfreetype.so.6.8.0_2.4.8,libfreetype.so.6.14.0_2.8.0,ps_parser_skip_PS_token,P
CVE-2012-1144,libfreetype.so.6.8.1_2.4.9,libfreetype.so.6.8.0_2.4.8,libfreetype.so.6.5.0_2.4.0,TT_Load_Simple_Glyph,V
CVE-2012-1144,libfreetype.so.6.8.1_2.4.9,libfreetype.so.6.8.0_2.4.8,libfreetype.so.6.5.1_2.4.1,TT_Load_Simple_Glyph,V
CVE-2012-1144,libfreetype.so.6.8.1_2.4.9,libfreetype.so.6.8.0_2.4.8,libfreetype.so.6.6.0_2.4.2,TT_Load_Simple_Glyph,V
CVE-2012-1144,libfreetype.so.6.8.1_2.4.9,libfreetype.so.6.8.0_2.4.8,libfreetype.so.6.6.1_2.4.3,TT_Load_Simple_Glyph,V
CVE-2012-1144,libfreetype.so.6.8.1_2.4.9,libfreetype.so.6.8.0_2.4.8,libfreetype.so.6.6.2_2.4.4,TT_Load_Simple_Glyph,V
CVE-2012-1144,libfreetype.so.6.8.1_2.4.9,libfreetype.so.6.8.0_2.4.8,libfreetype.so.6.7.0_2.4.5,TT_Load_Simple_Glyph,V
CVE-2012-1144,libfreetype.so.6.8.1_2.4.9,libfreetype.so.6.8.0_2.4.8,libfreetype.so.6.7.1_2.4.6,TT_Load_Simple_Glyph,V
CVE-2012-1144,libfreetype.so.6.8.1_2.4.9,libfreetype.so.6.8.0_2.4.8,libfreetype.so.6.7.2_2.4.7,TT_Load_Simple_Glyph,V
CVE-2012-1144,libfreetype.so.6.8.1_2.4.9,libfreetype.so.6.8.0_2.4.8,libfreetype.so.6.8.0_2.4.8,TT_Load_Simple_Glyph,V
CVE-2012-1144,libfreetype.so.6.8.1_2.4.9,libfreetype.so.6.8.0_2.4.8,libfreetype.so.6.8.1_2.4.9,TT_Load_Simple_Glyph,P
CVE-2012-1144,libfreetype.so.6.8.1_2.4.9,libfreetype.so.6.8.0_2.4.8,libfreetype.so.6.9.0_2.4.10,TT_Load_Simple_Glyph,P
CVE-2012-1144,libfreetype.so.6.8.1_2.4.9,libfreetype.so.6.8.0_2.4.8,libfreetype.so.6.10.0_2.4.11,TT_Load_Simple_Glyph,P
CVE-2012-1144,libfreetype.so.6.8.1_2.4.9,libfreetype.so.6.8.0_2.4.8,libfreetype.so.6.10.1_2.4.12,TT_Load_Simple_Glyph,NA too much diff
CVE-2012-1144,libfreetype.so.6.8.1_2.4.9,libfreetype.so.6.8.0_2.4.8,libfreetype.so.6.11.2_2.5.3,TT_Load_Simple_Glyph,NA too much diff
CVE-2012-1144,libfreetype.so.6.8.1_2.4.9,libfreetype.so.6.8.0_2.4.8,libfreetype.so.6.11.3_2.5.4,TT_Load_Simple_Glyph,NA too much diff
CVE-2012-1144,libfreetype.so.6.8.1_2.4.9,libfreetype.so.6.8.0_2.4.8,libfreetype.so.6.11.4_2.5.5,TT_Load_Simple_Glyph,NA too much diff
CVE-2012-1144,libfreetype.so.6.8.1_2.4.9,libfreetype.so.6.8.0_2.4.8,libfreetype.so.6.12.6_2.7.0,TT_Load_Simple_Glyph,NA too much diff
CVE-2012-1144,libfreetype.so.6.8.1_2.4.9,libfreetype.so.6.8.0_2.4.8,libfreetype.so.6.13.0_2.7.1,TT_Load_Simple_Glyph,NA too much diff
CVE-2012-1144,libfreetype.so.6.8.1_2.4.9,libfreetype.so.6.8.0_2.4.8,libfreetype.so.6.14.0_2.8.0,TT_Load_Simple_Glyph,NA too much diff
CVE-2012-1133,libfreetype.so.6.8.1_2.4.9,libfreetype.so.6.8.0_2.4.8,libfreetype.so.6.5.0_2.4.0,_bdf_parse_glyphs,NA too much diff
CVE-2012-1133,libfreetype.so.6.8.1_2.4.9,libfreetype.so.6.8.0_2.4.8,libfreetype.so.6.5.1_2.4.1,_bdf_parse_glyphs,NA too much diff
CVE-2012-1133,libfreetype.so.6.8.1_2.4.9,libfreetype.so.6.8.0_2.4.8,libfreetype.so.6.6.0_2.4.2,_bdf_parse_glyphs,NA too much diff
CVE-2012-1133,libfreetype.so.6.8.1_2.4.9,libfreetype.so.6.8.0_2.4.8,libfreetype.so.6.6.1_2.4.3,_bdf_parse_glyphs,NA too much diff
CVE-2012-1133,libfreetype.so.6.8.1_2.4.9,libfreetype.so.6.8.0_2.4.8,libfreetype.so.6.6.2_2.4.4,_bdf_parse_glyphs,NA too much diff
CVE-2012-1133,libfreetype.so.6.8.1_2.4.9,libfreetype.so.6.8.0_2.4.8,libfreetype.so.6.7.0_2.4.5,_bdf_parse_glyphs,NA too much diff
CVE-2012-1133,libfreetype.so.6.8.1_2.4.9,libfreetype.so.6.8.0_2.4.8,libfreetype.so.6.7.1_2.4.6,_bdf_parse_glyphs,NA too much diff
CVE-2012-1133,libfreetype.so.6.8.1_2.4.9,libfreetype.so.6.8.0_2.4.8,libfreetype.so.6.7.2_2.4.7,_bdf_parse_glyphs,NA too much diff
CVE-2012-1133,libfreetype.so.6.8.1_2.4.9,libfreetype.so.6.8.0_2.4.8,libfreetype.so.6.8.0_2.4.8,_bdf_parse_glyphs,V
CVE-2012-1133,libfreetype.so.6.8.1_2.4.9,libfreetype.so.6.8.0_2.4.8,libfreetype.so.6.8.1_2.4.9,_bdf_parse_glyphs,P
CVE-2012-1133,libfreetype.so.6.8.1_2.4.9,libfreetype.so.6.8.0_2.4.8,libfreetype.so.6.9.0_2.4.10,_bdf_parse_glyphs,NA too much diff
CVE-2012-1133,libfreetype.so.6.8.1_2.4.9,libfreetype.so.6.8.0_2.4.8,libfreetype.so.6.10.0_2.4.11,_bdf_parse_glyphs,NA too much diff
CVE-2012-1133,libfreetype.so.6.8.1_2.4.9,libfreetype.so.6.8.0_2.4.8,libfreetype.so.6.10.1_2.4.12,_bdf_parse_glyphs,NA too much diff
CVE-2012-1133,libfreetype.so.6.8.1_2.4.9,libfreetype.so.6.8.0_2.4.8,libfreetype.so.6.11.2_2.5.3,_bdf_parse_glyphs,NA too much diff
CVE-2012-1133,libfreetype.so.6.8.1_2.4.9,libfreetype.so.6.8.0_2.4.8,libfreetype.so.6.11.3_2.5.4,_bdf_parse_glyphs,NA too much diff
CVE-2012-1133,libfreetype.so.6.8.1_2.4.9,libfreetype.so.6.8.0_2.4.8,libfreetype.so.6.11.4_2.5.5,_bdf_parse_glyphs,NA too much diff
CVE-2012-1133,libfreetype.so.6.8.1_2.4.9,libfreetype.so.6.8.0_2.4.8,libfreetype.so.6.12.6_2.7.0,_bdf_parse_glyphs,NA too much diff
CVE-2012-1133,libfreetype.so.6.8.1_2.4.9,libfreetype.so.6.8.0_2.4.8,libfreetype.so.6.13.0_2.7.1,_bdf_parse_glyphs,NA too much diff
CVE-2012-1133,libfreetype.so.6.8.1_2.4.9,libfreetype.so.6.8.0_2.4.8,libfreetype.so.6.14.0_2.8.0,_bdf_parse_glyphs,NA too much diff
CVE-2017-7864,libfreetype.so.6.14.0_2.8.0,libfreetype.so.6.13.0_2.7.1,libfreetype.so.6.5.0_2.4.0,tt_size_reset,V
CVE-2017-7864,libfreetype.so.6.14.0_2.8.0,libfreetype.so.6.13.0_2.7.1,libfreetype.so.6.5.1_2.4.1,tt_size_reset,V
CVE-2017-7864,libfreetype.so.6.14.0_2.8.0,libfreetype.so.6.13.0_2.7.1,libfreetype.so.6.6.0_2.4.2,tt_size_reset,V
CVE-2017-7864,libfreetype.so.6.14.0_2.8.0,libfreetype.so.6.13.0_2.7.1,libfreetype.so.6.6.1_2.4.3,tt_size_reset,V
CVE-2017-7864,libfreetype.so.6.14.0_2.8.0,libfreetype.so.6.13.0_2.7.1,libfreetype.so.6.6.2_2.4.4,tt_size_reset,V
CVE-2017-7864,libfreetype.so.6.14.0_2.8.0,libfreetype.so.6.13.0_2.7.1,libfreetype.so.6.7.0_2.4.5,tt_size_reset,V
CVE-2017-7864,libfreetype.so.6.14.0_2.8.0,libfreetype.so.6.13.0_2.7.1,libfreetype.so.6.7.1_2.4.6,tt_size_reset,V
CVE-2017-7864,libfreetype.so.6.14.0_2.8.0,libfreetype.so.6.13.0_2.7.1,libfreetype.so.6.7.2_2.4.7,tt_size_reset,V
CVE-2017-7864,libfreetype.so.6.14.0_2.8.0,libfreetype.so.6.13.0_2.7.1,libfreetype.so.6.8.0_2.4.8,tt_size_reset,V
CVE-2017-7864,libfreetype.so.6.14.0_2.8.0,libfreetype.so.6.13.0_2.7.1,libfreetype.so.6.8.1_2.4.9,tt_size_reset,V
CVE-2017-7864,libfreetype.so.6.14.0_2.8.0,libfreetype.so.6.13.0_2.7.1,libfreetype.so.6.9.0_2.4.10,tt_size_reset,V
CVE-2017-7864,libfreetype.so.6.14.0_2.8.0,libfreetype.so.6.13.0_2.7.1,libfreetype.so.6.10.0_2.4.11,tt_size_reset,V
CVE-2017-7864,libfreetype.so.6.14.0_2.8.0,libfreetype.so.6.13.0_2.7.1,libfreetype.so.6.10.1_2.4.12,tt_size_reset,V
CVE-2017-7864,libfreetype.so.6.14.0_2.8.0,libfreetype.so.6.13.0_2.7.1,libfreetype.so.6.11.2_2.5.3,tt_size_reset,V
CVE-2017-7864,libfreetype.so.6.14.0_2.8.0,libfreetype.so.6.13.0_2.7.1,libfreetype.so.6.11.3_2.5.4,tt_size_reset,V
CVE-2017-7864,libfreetype.so.6.14.0_2.8.0,libfreetype.so.6.13.0_2.7.1,libfreetype.so.6.11.4_2.5.5,tt_size_reset,V
CVE-2017-7864,libfreetype.so.6.14.0_2.8.0,libfreetype.so.6.13.0_2.7.1,libfreetype.so.6.12.6_2.7.0,tt_size_reset,V
CVE-2017-7864,libfreetype.so.6.14.0_2.8.0,libfreetype.so.6.13.0_2.7.1,libfreetype.so.6.13.0_2.7.1,tt_size_reset,V
CVE-2017-7864,libfreetype.so.6.14.0_2.8.0,libfreetype.so.6.13.0_2.7.1,libfreetype.so.6.14.0_2.8.0,tt_size_reset,P
CVE-2012-1135,libfreetype.so.6.8.1_2.4.9,libfreetype.so.6.8.0_2.4.8,libfreetype.so.6.5.0_2.4.0,SkipCode,V
CVE-2012-1135,libfreetype.so.6.8.1_2.4.9,libfreetype.so.6.8.0_2.4.8,libfreetype.so.6.5.1_2.4.1,SkipCode,V
CVE-2012-1135,libfreetype.so.6.8.1_2.4.9,libfreetype.so.6.8.0_2.4.8,libfreetype.so.6.6.0_2.4.2,SkipCode,V
CVE-2012-1135,libfreetype.so.6.8.1_2.4.9,libfreetype.so.6.8.0_2.4.8,libfreetype.so.6.6.1_2.4.3,SkipCode,V
CVE-2012-1135,libfreetype.so.6.8.1_2.4.9,libfreetype.so.6.8.0_2.4.8,libfreetype.so.6.6.2_2.4.4,SkipCode,V
CVE-2012-1135,libfreetype.so.6.8.1_2.4.9,libfreetype.so.6.8.0_2.4.8,libfreetype.so.6.7.0_2.4.5,SkipCode,V
CVE-2012-1135,libfreetype.so.6.8.1_2.4.9,libfreetype.so.6.8.0_2.4.8,libfreetype.so.6.7.1_2.4.6,SkipCode,V
CVE-2012-1135,libfreetype.so.6.8.1_2.4.9,libfreetype.so.6.8.0_2.4.8,libfreetype.so.6.7.2_2.4.7,SkipCode,V
CVE-2012-1135,libfreetype.so.6.8.1_2.4.9,libfreetype.so.6.8.0_2.4.8,libfreetype.so.6.8.0_2.4.8,SkipCode,V
CVE-2012-1135,libfreetype.so.6.8.1_2.4.9,libfreetype.so.6.8.0_2.4.8,libfreetype.so.6.8.1_2.4.9,SkipCode,P
CVE-2012-1135,libfreetype.so.6.8.1_2.4.9,libfreetype.so.6.8.0_2.4.8,libfreetype.so.6.9.0_2.4.10,SkipCode,P
CVE-2012-1135,libfreetype.so.6.8.1_2.4.9,libfreetype.so.6.8.0_2.4.8,libfreetype.so.6.10.0_2.4.11,SkipCode,P
CVE-2012-1135,libfreetype.so.6.8.1_2.4.9,libfreetype.so.6.8.0_2.4.8,libfreetype.so.6.10.1_2.4.12,SkipCode,P
CVE-2012-1135,libfreetype.so.6.8.1_2.4.9,libfreetype.so.6.8.0_2.4.8,libfreetype.so.6.11.2_2.5.3,SkipCode,P
CVE-2012-1135,libfreetype.so.6.8.1_2.4.9,libfreetype.so.6.8.0_2.4.8,libfreetype.so.6.11.3_2.5.4,SkipCode,P
CVE-2012-1135,libfreetype.so.6.8.1_2.4.9,libfreetype.so.6.8.0_2.4.8,libfreetype.so.6.11.4_2.5.5,SkipCode,P
CVE-2012-1135,libfreetype.so.6.8.1_2.4.9,libfreetype.so.6.8.0_2.4.8,libfreetype.so.6.12.6_2.7.0,SkipCode,P
CVE-2012-1135,libfreetype.so.6.8.1_2.4.9,libfreetype.so.6.8.0_2.4.8,libfreetype.so.6.13.0_2.7.1,SkipCode,P
CVE-2012-1135,libfreetype.so.6.8.1_2.4.9,libfreetype.so.6.8.0_2.4.8,libfreetype.so.6.14.0_2.8.0,SkipCode,P
CVE-2014-9667,libfreetype.so.6.11.3_2.5.4,libfreetype.so.6.11.2_2.5.3,libfreetype.so.6.5.0_2.4.0,tt_face_load_font_dir,V
CVE-2014-9667,libfreetype.so.6.11.3_2.5.4,libfreetype.so.6.11.2_2.5.3,libfreetype.so.6.5.1_2.4.1,tt_face_load_font_dir,V
CVE-2014-9667,libfreetype.so.6.11.3_2.5.4,libfreetype.so.6.11.2_2.5.3,libfreetype.so.6.6.0_2.4.2,tt_face_load_font_dir,V
CVE-2014-9667,libfreetype.so.6.11.3_2.5.4,libfreetype.so.6.11.2_2.5.3,libfreetype.so.6.6.1_2.4.3,tt_face_load_font_dir,V
CVE-2014-9667,libfreetype.so.6.11.3_2.5.4,libfreetype.so.6.11.2_2.5.3,libfreetype.so.6.6.2_2.4.4,tt_face_load_font_dir,V
CVE-2014-9667,libfreetype.so.6.11.3_2.5.4,libfreetype.so.6.11.2_2.5.3,libfreetype.so.6.7.0_2.4.5,tt_face_load_font_dir,V
CVE-2014-9667,libfreetype.so.6.11.3_2.5.4,libfreetype.so.6.11.2_2.5.3,libfreetype.so.6.7.1_2.4.6,tt_face_load_font_dir,V
CVE-2014-9667,libfreetype.so.6.11.3_2.5.4,libfreetype.so.6.11.2_2.5.3,libfreetype.so.6.7.2_2.4.7,tt_face_load_font_dir,V
CVE-2014-9667,libfreetype.so.6.11.3_2.5.4,libfreetype.so.6.11.2_2.5.3,libfreetype.so.6.8.0_2.4.8,tt_face_load_font_dir,V
CVE-2014-9667,libfreetype.so.6.11.3_2.5.4,libfreetype.so.6.11.2_2.5.3,libfreetype.so.6.8.1_2.4.9,tt_face_load_font_dir,V
CVE-2014-9667,libfreetype.so.6.11.3_2.5.4,libfreetype.so.6.11.2_2.5.3,libfreetype.so.6.9.0_2.4.10,tt_face_load_font_dir,V
CVE-2014-9667,libfreetype.so.6.11.3_2.5.4,libfreetype.so.6.11.2_2.5.3,libfreetype.so.6.10.0_2.4.11,tt_face_load_font_dir,V
CVE-2014-9667,libfreetype.so.6.11.3_2.5.4,libfreetype.so.6.11.2_2.5.3,libfreetype.so.6.10.1_2.4.12,tt_face_load_font_dir,V
CVE-2014-9667,libfreetype.so.6.11.3_2.5.4,libfreetype.so.6.11.2_2.5.3,libfreetype.so.6.11.2_2.5.3,tt_face_load_font_dir,V
CVE-2014-9667,libfreetype.so.6.11.3_2.5.4,libfreetype.so.6.11.2_2.5.3,libfreetype.so.6.11.3_2.5.4,tt_face_load_font_dir,P
CVE-2014-9667,libfreetype.so.6.11.3_2.5.4,libfreetype.so.6.11.2_2.5.3,libfreetype.so.6.11.4_2.5.5,tt_face_load_font_dir,P
CVE-2014-9667,libfreetype.so.6.11.3_2.5.4,libfreetype.so.6.11.2_2.5.3,libfreetype.so.6.12.6_2.7.0,tt_face_load_font_dir,NA too much diff
CVE-2014-9667,libfreetype.so.6.11.3_2.5.4,libfreetype.so.6.11.2_2.5.3,libfreetype.so.6.13.0_2.7.1,tt_face_load_font_dir,NA too much diff
CVE-2014-9667,libfreetype.so.6.11.3_2.5.4,libfreetype.so.6.11.2_2.5.3,libfreetype.so.6.14.0_2.8.0,tt_face_load_font_dir,NA too much diff
CVE-2012-1138,libfreetype.so.6.8.1_2.4.9,libfreetype.so.6.8.0_2.4.8,libfreetype.so.6.5.0_2.4.0,Ins_MIRP,V
CVE-2012-1138,libfreetype.so.6.8.1_2.4.9,libfreetype.so.6.8.0_2.4.8,libfreetype.so.6.5.1_2.4.1,Ins_MIRP,V
CVE-2012-1138,libfreetype.so.6.8.1_2.4.9,libfreetype.so.6.8.0_2.4.8,libfreetype.so.6.6.0_2.4.2,Ins_MIRP,V
CVE-2012-1138,libfreetype.so.6.8.1_2.4.9,libfreetype.so.6.8.0_2.4.8,libfreetype.so.6.6.1_2.4.3,Ins_MIRP,V
CVE-2012-1138,libfreetype.so.6.8.1_2.4.9,libfreetype.so.6.8.0_2.4.8,libfreetype.so.6.6.2_2.4.4,Ins_MIRP,V
CVE-2012-1138,libfreetype.so.6.8.1_2.4.9,libfreetype.so.6.8.0_2.4.8,libfreetype.so.6.7.0_2.4.5,Ins_MIRP,V
CVE-2012-1138,libfreetype.so.6.8.1_2.4.9,libfreetype.so.6.8.0_2.4.8,libfreetype.so.6.7.1_2.4.6,Ins_MIRP,V
CVE-2012-1138,libfreetype.so.6.8.1_2.4.9,libfreetype.so.6.8.0_2.4.8,libfreetype.so.6.7.2_2.4.7,Ins_MIRP,V
CVE-2012-1138,libfreetype.so.6.8.1_2.4.9,libfreetype.so.6.8.0_2.4.8,libfreetype.so.6.8.0_2.4.8,Ins_MIRP,V
CVE-2012-1138,libfreetype.so.6.8.1_2.4.9,libfreetype.so.6.8.0_2.4.8,libfreetype.so.6.8.1_2.4.9,Ins_MIRP,P
CVE-2012-1138,libfreetype.so.6.8.1_2.4.9,libfreetype.so.6.8.0_2.4.8,libfreetype.so.6.9.0_2.4.10,Ins_MIRP,P
CVE-2010-2806,libfreetype.so.6.6.0_2.4.2,libfreetype.so.6.5.1_2.4.1,libfreetype.so.6.5.0_2.4.0,t42_parse_sfnts,V
CVE-2010-2806,libfreetype.so.6.6.0_2.4.2,libfreetype.so.6.5.1_2.4.1,libfreetype.so.6.5.1_2.4.1,t42_parse_sfnts,V
CVE-2010-2806,libfreetype.so.6.6.0_2.4.2,libfreetype.so.6.5.1_2.4.1,libfreetype.so.6.6.0_2.4.2,t42_parse_sfnts,P
CVE-2010-2806,libfreetype.so.6.6.0_2.4.2,libfreetype.so.6.5.1_2.4.1,libfreetype.so.6.6.1_2.4.3,t42_parse_sfnts,P
CVE-2010-2806,libfreetype.so.6.6.0_2.4.2,libfreetype.so.6.5.1_2.4.1,libfreetype.so.6.6.2_2.4.4,t42_parse_sfnts,P
CVE-2010-2806,libfreetype.so.6.6.0_2.4.2,libfreetype.so.6.5.1_2.4.1,libfreetype.so.6.7.0_2.4.5,t42_parse_sfnts,P
CVE-2010-2806,libfreetype.so.6.6.0_2.4.2,libfreetype.so.6.5.1_2.4.1,libfreetype.so.6.7.1_2.4.6,t42_parse_sfnts,P
CVE-2010-2806,libfreetype.so.6.6.0_2.4.2,libfreetype.so.6.5.1_2.4.1,libfreetype.so.6.7.2_2.4.7,t42_parse_sfnts,P
CVE-2010-2806,libfreetype.so.6.6.0_2.4.2,libfreetype.so.6.5.1_2.4.1,libfreetype.so.6.8.0_2.4.8,t42_parse_sfnts,P
CVE-2010-2806,libfreetype.so.6.6.0_2.4.2,libfreetype.so.6.5.1_2.4.1,libfreetype.so.6.8.1_2.4.9,t42_parse_sfnts,P
CVE-2010-2806,libfreetype.so.6.6.0_2.4.2,libfreetype.so.6.5.1_2.4.1,libfreetype.so.6.9.0_2.4.10,t42_parse_sfnts,P
CVE-2010-2806,libfreetype.so.6.6.0_2.4.2,libfreetype.so.6.5.1_2.4.1,libfreetype.so.6.10.0_2.4.11,t42_parse_sfnts,P
CVE-2010-2806,libfreetype.so.6.6.0_2.4.2,libfreetype.so.6.5.1_2.4.1,libfreetype.so.6.10.1_2.4.12,t42_parse_sfnts,P
CVE-2010-2806,libfreetype.so.6.6.0_2.4.2,libfreetype.so.6.5.1_2.4.1,libfreetype.so.6.11.2_2.5.3,t42_parse_sfnts,P
CVE-2010-2806,libfreetype.so.6.6.0_2.4.2,libfreetype.so.6.5.1_2.4.1,libfreetype.so.6.11.3_2.5.4,t42_parse_sfnts,NA too much diff
CVE-2010-2806,libfreetype.so.6.6.0_2.4.2,libfreetype.so.6.5.1_2.4.1,libfreetype.so.6.11.4_2.5.5,t42_parse_sfnts,NA too much diff
CVE-2010-2806,libfreetype.so.6.6.0_2.4.2,libfreetype.so.6.5.1_2.4.1,libfreetype.so.6.12.6_2.7.0,t42_parse_sfnts,NA too much diff
CVE-2010-2806,libfreetype.so.6.6.0_2.4.2,libfreetype.so.6.5.1_2.4.1,libfreetype.so.6.13.0_2.7.1,t42_parse_sfnts,NA too much diff
CVE-2010-2806,libfreetype.so.6.6.0_2.4.2,libfreetype.so.6.5.1_2.4.1,libfreetype.so.6.14.0_2.8.0,t42_parse_sfnts,NA too much diff
CVE-2014-9658,libfreetype.so.6.11.3_2.5.4,libfreetype.so.6.11.2_2.5.3,libfreetype.so.6.5.0_2.4.0,tt_face_load_kern,V
CVE-2014-9658,libfreetype.so.6.11.3_2.5.4,libfreetype.so.6.11.2_2.5.3,libfreetype.so.6.5.1_2.4.1,tt_face_load_kern,V
CVE-2014-9658,libfreetype.so.6.11.3_2.5.4,libfreetype.so.6.11.2_2.5.3,libfreetype.so.6.6.0_2.4.2,tt_face_load_kern,V
CVE-2014-9658,libfreetype.so.6.11.3_2.5.4,libfreetype.so.6.11.2_2.5.3,libfreetype.so.6.6.1_2.4.3,tt_face_load_kern,V
CVE-2014-9658,libfreetype.so.6.11.3_2.5.4,libfreetype.so.6.11.2_2.5.3,libfreetype.so.6.6.2_2.4.4,tt_face_load_kern,V
CVE-2014-9658,libfreetype.so.6.11.3_2.5.4,libfreetype.so.6.11.2_2.5.3,libfreetype.so.6.7.0_2.4.5,tt_face_load_kern,V
CVE-2014-9658,libfreetype.so.6.11.3_2.5.4,libfreetype.so.6.11.2_2.5.3,libfreetype.so.6.7.1_2.4.6,tt_face_load_kern,V
CVE-2014-9658,libfreetype.so.6.11.3_2.5.4,libfreetype.so.6.11.2_2.5.3,libfreetype.so.6.7.2_2.4.7,tt_face_load_kern,V
CVE-2014-9658,libfreetype.so.6.11.3_2.5.4,libfreetype.so.6.11.2_2.5.3,libfreetype.so.6.8.0_2.4.8,tt_face_load_kern,V
CVE-2014-9658,libfreetype.so.6.11.3_2.5.4,libfreetype.so.6.11.2_2.5.3,libfreetype.so.6.8.1_2.4.9,tt_face_load_kern,V
CVE-2014-9658,libfreetype.so.6.11.3_2.5.4,libfreetype.so.6.11.2_2.5.3,libfreetype.so.6.9.0_2.4.10,tt_face_load_kern,V
CVE-2014-9658,libfreetype.so.6.11.3_2.5.4,libfreetype.so.6.11.2_2.5.3,libfreetype.so.6.10.0_2.4.11,tt_face_load_kern,V
CVE-2014-9658,libfreetype.so.6.11.3_2.5.4,libfreetype.so.6.11.2_2.5.3,libfreetype.so.6.10.1_2.4.12,tt_face_load_kern,V
CVE-2014-9658,libfreetype.so.6.11.3_2.5.4,libfreetype.so.6.11.2_2.5.3,libfreetype.so.6.11.2_2.5.3,tt_face_load_kern,V
CVE-2014-9658,libfreetype.so.6.11.3_2.5.4,libfreetype.so.6.11.2_2.5.3,libfreetype.so.6.11.3_2.5.4,tt_face_load_kern,P
CVE-2014-9658,libfreetype.so.6.11.3_2.5.4,libfreetype.so.6.11.2_2.5.3,libfreetype.so.6.11.4_2.5.5,tt_face_load_kern,P
CVE-2014-9658,libfreetype.so.6.11.3_2.5.4,libfreetype.so.6.11.2_2.5.3,libfreetype.so.6.12.6_2.7.0,tt_face_load_kern,P
CVE-2014-9658,libfreetype.so.6.11.3_2.5.4,libfreetype.so.6.11.2_2.5.3,libfreetype.so.6.13.0_2.7.1,tt_face_load_kern,P
CVE-2014-9658,libfreetype.so.6.11.3_2.5.4,libfreetype.so.6.11.2_2.5.3,libfreetype.so.6.14.0_2.8.0,tt_face_load_kern,P
CVE-2017-8287,libfreetype.so.6.14.0_2.8.0,libfreetype.so.6.13.0_2.7.1,libfreetype.so.6.5.0_2.4.0,t1_builder_close_contour,V
CVE-2017-8287,libfreetype.so.6.14.0_2.8.0,libfreetype.so.6.13.0_2.7.1,libfreetype.so.6.5.1_2.4.1,t1_builder_close_contour,V
CVE-2017-8287,libfreetype.so.6.14.0_2.8.0,libfreetype.so.6.13.0_2.7.1,libfreetype.so.6.6.0_2.4.2,t1_builder_close_contour,V
CVE-2017-8287,libfreetype.so.6.14.0_2.8.0,libfreetype.so.6.13.0_2.7.1,libfreetype.so.6.6.1_2.4.3,t1_builder_close_contour,V
CVE-2017-8287,libfreetype.so.6.14.0_2.8.0,libfreetype.so.6.13.0_2.7.1,libfreetype.so.6.6.2_2.4.4,t1_builder_close_contour,V
CVE-2017-8287,libfreetype.so.6.14.0_2.8.0,libfreetype.so.6.13.0_2.7.1,libfreetype.so.6.7.0_2.4.5,t1_builder_close_contour,V
CVE-2017-8287,libfreetype.so.6.14.0_2.8.0,libfreetype.so.6.13.0_2.7.1,libfreetype.so.6.7.1_2.4.6,t1_builder_close_contour,V
CVE-2017-8287,libfreetype.so.6.14.0_2.8.0,libfreetype.so.6.13.0_2.7.1,libfreetype.so.6.7.2_2.4.7,t1_builder_close_contour,V
CVE-2017-8287,libfreetype.so.6.14.0_2.8.0,libfreetype.so.6.13.0_2.7.1,libfreetype.so.6.8.0_2.4.8,t1_builder_close_contour,V
CVE-2017-8287,libfreetype.so.6.14.0_2.8.0,libfreetype.so.6.13.0_2.7.1,libfreetype.so.6.8.1_2.4.9,t1_builder_close_contour,V
CVE-2017-8287,libfreetype.so.6.14.0_2.8.0,libfreetype.so.6.13.0_2.7.1,libfreetype.so.6.9.0_2.4.10,t1_builder_close_contour,V
CVE-2017-8287,libfreetype.so.6.14.0_2.8.0,libfreetype.so.6.13.0_2.7.1,libfreetype.so.6.10.0_2.4.11,t1_builder_close_contour,V
CVE-2017-8287,libfreetype.so.6.14.0_2.8.0,libfreetype.so.6.13.0_2.7.1,libfreetype.so.6.10.1_2.4.12,t1_builder_close_contour,V
CVE-2017-8287,libfreetype.so.6.14.0_2.8.0,libfreetype.so.6.13.0_2.7.1,libfreetype.so.6.11.2_2.5.3,t1_builder_close_contour,V
CVE-2017-8287,libfreetype.so.6.14.0_2.8.0,libfreetype.so.6.13.0_2.7.1,libfreetype.so.6.11.3_2.5.4,t1_builder_close_contour,V
CVE-2017-8287,libfreetype.so.6.14.0_2.8.0,libfreetype.so.6.13.0_2.7.1,libfreetype.so.6.11.4_2.5.5,t1_builder_close_contour,V
CVE-2017-8287,libfreetype.so.6.14.0_2.8.0,libfreetype.so.6.13.0_2.7.1,libfreetype.so.6.12.6_2.7.0,t1_builder_close_contour,V
CVE-2017-8287,libfreetype.so.6.14.0_2.8.0,libfreetype.so.6.13.0_2.7.1,libfreetype.so.6.13.0_2.7.1,t1_builder_close_contour,V
CVE-2017-8287,libfreetype.so.6.14.0_2.8.0,libfreetype.so.6.13.0_2.7.1,libfreetype.so.6.14.0_2.8.0,t1_builder_close_contour,P
CVE-2012-1141,libfreetype.so.6.8.1_2.4.9,libfreetype.so.6.8.0_2.4.8,libfreetype.so.6.5.0_2.4.0,_bdf_list_split,V
CVE-2012-1141,libfreetype.so.6.8.1_2.4.9,libfreetype.so.6.8.0_2.4.8,libfreetype.so.6.5.1_2.4.1,_bdf_list_split,V
CVE-2012-1141,libfreetype.so.6.8.1_2.4.9,libfreetype.so.6.8.0_2.4.8,libfreetype.so.6.6.0_2.4.2,_bdf_list_split,V
CVE-2012-1141,libfreetype.so.6.8.1_2.4.9,libfreetype.so.6.8.0_2.4.8,libfreetype.so.6.6.1_2.4.3,_bdf_list_split,V
CVE-2012-1141,libfreetype.so.6.8.1_2.4.9,libfreetype.so.6.8.0_2.4.8,libfreetype.so.6.6.2_2.4.4,_bdf_list_split,V
CVE-2012-1141,libfreetype.so.6.8.1_2.4.9,libfreetype.so.6.8.0_2.4.8,libfreetype.so.6.7.0_2.4.5,_bdf_list_split,V
CVE-2012-1141,libfreetype.so.6.8.1_2.4.9,libfreetype.so.6.8.0_2.4.8,libfreetype.so.6.7.1_2.4.6,_bdf_list_split,V
CVE-2012-1141,libfreetype.so.6.8.1_2.4.9,libfreetype.so.6.8.0_2.4.8,libfreetype.so.6.7.2_2.4.7,_bdf_list_split,V
CVE-2012-1141,libfreetype.so.6.8.1_2.4.9,libfreetype.so.6.8.0_2.4.8,libfreetype.so.6.8.0_2.4.8,_bdf_list_split,V
CVE-2012-1141,libfreetype.so.6.8.1_2.4.9,libfreetype.so.6.8.0_2.4.8,libfreetype.so.6.8.1_2.4.9,_bdf_list_split,P
CVE-2012-1141,libfreetype.so.6.8.1_2.4.9,libfreetype.so.6.8.0_2.4.8,libfreetype.so.6.9.0_2.4.10,_bdf_list_split,P
CVE-2012-1141,libfreetype.so.6.8.1_2.4.9,libfreetype.so.6.8.0_2.4.8,libfreetype.so.6.10.0_2.4.11,_bdf_list_split,P
CVE-2012-1141,libfreetype.so.6.8.1_2.4.9,libfreetype.so.6.8.0_2.4.8,libfreetype.so.6.10.1_2.4.12,_bdf_list_split,P
CVE-2012-1141,libfreetype.so.6.8.1_2.4.9,libfreetype.so.6.8.0_2.4.8,libfreetype.so.6.11.2_2.5.3,_bdf_list_split,P
CVE-2012-1141,libfreetype.so.6.8.1_2.4.9,libfreetype.so.6.8.0_2.4.8,libfreetype.so.6.11.3_2.5.4,_bdf_list_split,P
CVE-2012-1141,libfreetype.so.6.8.1_2.4.9,libfreetype.so.6.8.0_2.4.8,libfreetype.so.6.11.4_2.5.5,_bdf_list_split,P
CVE-2012-1141,libfreetype.so.6.8.1_2.4.9,libfreetype.so.6.8.0_2.4.8,libfreetype.so.6.12.6_2.7.0,_bdf_list_split,P
CVE-2012-1141,libfreetype.so.6.8.1_2.4.9,libfreetype.so.6.8.0_2.4.8,libfreetype.so.6.13.0_2.7.1,_bdf_list_split,P
CVE-2012-1141,libfreetype.so.6.8.1_2.4.9,libfreetype.so.6.8.0_2.4.8,libfreetype.so.6.14.0_2.8.0,_bdf_list_split,P
CVE-2014-9662,libfreetype.so.6.11.3_2.5.4,libfreetype.so.6.11.2_2.5.3,libfreetype.so.6.11.2_2.5.3,cf2_builder_cubeTo,V
CVE-2014-9662,libfreetype.so.6.11.3_2.5.4,libfreetype.so.6.11.2_2.5.3,libfreetype.so.6.11.3_2.5.4,cf2_builder_cubeTo,P
CVE-2014-9662,libfreetype.so.6.11.3_2.5.4,libfreetype.so.6.11.2_2.5.3,libfreetype.so.6.11.4_2.5.5,cf2_builder_cubeTo,P
CVE-2014-9662,libfreetype.so.6.11.3_2.5.4,libfreetype.so.6.11.2_2.5.3,libfreetype.so.6.12.6_2.7.0,cf2_builder_cubeTo,P
CVE-2014-9662,libfreetype.so.6.11.3_2.5.4,libfreetype.so.6.11.2_2.5.3,libfreetype.so.6.13.0_2.7.1,cf2_builder_cubeTo,P
CVE-2014-9662,libfreetype.so.6.11.3_2.5.4,libfreetype.so.6.11.2_2.5.3,libfreetype.so.6.14.0_2.8.0,cf2_builder_cubeTo,P
